Prop_landscape_lost,cost_needed_for_top_fraction,min_prop_rem,ave_prop_rem,W_prop_rem,ext-1,ext-2,Species 1,Species 2,Species 3,Species 4,Species 5,Species 6,Species 7
0.00002,1.1028e+005,1.00001,1.00004,1.00003,-0.00001,-0.00001,1.000,1.000,1.000,1.000,1.000,1.000,1.000
0.00102,1.1017e+005,0.99999,1.00003,1.00003,-0.00000,-0.00001,1.000,1.000,1.000,1.000,1.000,1.000,1.000
0.00201,1.1006e+005,0.99998,1.00002,1.00002,-0.00000,-0.00000,1.000,1.000,1.000,1.000,1.000,1.000,1.000
0.00301,1.0995e+005,0.99996,1.00001,1.00001,-0.00000,-0.00000,1.000,1.000,1.000,1.000,1.000,1.000,1.000
0.00401,1.0984e+005,0.99994,1.00000,1.00000,-0.00000,0.00000,1.000,1.000,1.000,1.000,1.000,1.000,1.000
0.00501,1.0973e+005,0.99991,0.99999,0.99998,0.00000,0.00000,1.000,1.000,1.000,1.000,1.000,1.000,1.000
0.00600,1.0962e+005,0.99989,0.99997,0.99997,0.00000,0.00001,1.000,1.000,1.000,1.000,1.000,1.000,1.000
0.00700,1.0951e+005,0.99986,0.99996,0.99995,0.00000,0.00001,1.000,1.000,1.000,1.000,1.000,1.000,1.000
0.00800,1.094e+005,0.99984,0.99994,0.99993,0.00000,0.00002,1.000,1.000,1.000,1.000,1.000,1.000,1.000
0.00900,1.0929e+005,0.99980,0.99992,0.99991,0.00000,0.00002,1.000,1.000,1.000,1.000,1.000,1.000,1.000
0.00999,1.0918e+005,0.99976,0.99990,0.99989,0.00000,0.00003,1.000,1.000,1.000,1.000,1.000,1.000,1.000
0.01099,1.0907e+005,0.99972,0.99988,0.99987,0.00000,0.00003,1.000,1.000,1.000,1.000,1.000,1.000,1.000
0.01199,1.0896e+005,0.99967,0.99985,0.99984,0.00000,0.00004,1.000,1.000,1.000,1.000,1.000,1.000,1.000
0.01298,1.0885e+005,0.99964,0.99983,0.99982,0.00000,0.00005,1.000,1.000,1.000,1.000,1.000,1.000,1.000
0.01398,1.0874e+005,0.99960,0.99980,0.99979,0.00000,0.00005,1.000,1.000,1.000,1.000,1.000,1.000,1.000
0.01498,1.0863e+005,0.99956,0.99977,0.99977,0.00000,0.00006,1.000,1.000,1.000,1.000,1.000,1.000,1.000
0.01598,1.0852e+005,0.99952,0.99975,0.99974,0.00000,0.00007,1.000,1.000,1.000,1.000,1.000,1.000,1.000
0.01697,1.0841e+005,0.99948,0.99972,0.99971,0.00000,0.00007,1.000,1.000,1.000,1.000,1.000,0.999,1.000
0.01797,1.083e+005,0.99943,0.99970,0.99969,0.00000,0.00008,1.000,1.000,1.000,1.000,1.000,0.999,1.000
0.01897,1.0819e+005,0.99938,0.99967,0.99966,0.00000,0.00009,1.000,1.000,1.000,1.000,1.000,0.999,1.000
0.01997,1.0808e+005,0.99932,0.99964,0.99963,0.00000,0.00009,1.000,1.000,0.999,1.000,1.000,0.999,1.000
0.02096,1.0797e+005,0.99924,0.99961,0.99960,0.00000,0.00010,1.000,1.000,0.999,1.000,1.000,0.999,1.000
0.02196,1.0786e+005,0.99917,0.99958,0.99957,0.00000,0.00011,1.000,1.000,0.999,1.000,1.000,0.999,1.000
0.02296,1.0775e+005,0.99909,0.99955,0.99954,0.00000,0.00012,1.000,1.000,0.999,1.000,1.000,0.999,1.000
0.02396,1.0764e+005,0.99902,0.99951,0.99951,0.00000,0.00012,1.000,1.000,0.999,1.000,1.000,0.999,1.000
0.02495,1.0753e+005,0.99894,0.99948,0.99947,0.00001,0.00013,1.000,1.000,0.999,1.000,1.000,0.999,1.000
0.02595,1.0742e+005,0.99886,0.99944,0.99944,0.00001,0.00014,1.000,1.000,0.999,1.000,1.000,0.999,1.000
0.02695,1.0731e+005,0.99878,0.99941,0.99940,0.00001,0.00015,1.000,0.999,0.999,0.999,0.999,0.999,1.000
0.02795,1.072e+005,0.99869,0.99937,0.99937,0.00001,0.00016,1.000,0.999,0.999,0.999,0.999,0.999,1.000
0.02894,1.0709e+005,0.99859,0.99933,0.99933,0.00001,0.00017,1.000,0.999,0.999,0.999,0.999,0.999,1.000
0.02994,1.0698e+005,0.99851,0.99929,0.99929,0.00001,0.00018,1.000,0.999,0.999,0.999,0.999,0.999,1.000
0.03094,1.0687e+005,0.99840,0.99925,0.99925,0.00001,0.00019,1.000,0.999,0.999,0.999,0.999,0.998,1.000
0.03194,1.0676e+005,0.99829,0.99921,0.99921,0.00001,0.00020,1.000,0.999,0.999,0.999,0.999,0.998,1.000
0.03293,1.0665e+005,0.99819,0.99916,0.99917,0.00001,0.00021,0.999,0.999,0.999,0.999,0.999,0.998,1.000
0.03393,1.0654e+005,0.99806,0.99912,0.99912,0.00001,0.00022,0.999,0.999,0.999,0.999,0.999,0.998,0.999
0.03493,1.0643e+005,0.99794,0.99907,0.99908,0.00001,0.00023,0.999,0.999,0.999,0.999,0.999,0.998,0.999
0.03593,1.0632e+005,0.99781,0.99902,0.99903,0.00001,0.00024,0.999,0.999,0.999,0.999,0.999,0.998,0.999
0.03692,1.0621e+005,0.99768,0.99898,0.99899,0.00001,0.00025,0.999,0.999,0.999,0.999,0.999,0.998,0.999
0.03792,1.061e+005,0.99755,0.99893,0.99894,0.00001,0.00027,0.999,0.999,0.999,0.999,0.999,0.998,0.999
0.03892,1.0599e+005,0.99742,0.99888,0.99889,0.00001,0.00028,0.999,0.999,0.999,0.999,0.999,0.997,0.999
0.03992,1.0588e+005,0.99730,0.99883,0.99884,0.00001,0.00029,0.999,0.999,0.999,0.999,0.999,0.997,0.999
0.04091,1.0577e+005,0.99718,0.99878,0.99879,0.00001,0.00030,0.999,0.999,0.999,0.999,0.999,0.997,0.999
0.04191,1.0566e+005,0.99706,0.99873,0.99874,0.00001,0.00032,0.999,0.999,0.999,0.999,0.999,0.997,0.999
0.04291,1.0555e+005,0.99693,0.99868,0.99869,0.00001,0.00033,0.999,0.999,0.998,0.999,0.999,0.997,0.999
0.04391,1.0544e+005,0.99681,0.99863,0.99864,0.00001,0.00034,0.999,0.999,0.998,0.999,0.999,0.997,0.999
0.04490,1.0533e+005,0.99667,0.99858,0.99858,0.00001,0.00035,0.999,0.999,0.998,0.999,0.999,0.997,0.999
0.04590,1.0522e+005,0.99655,0.99852,0.99852,0.00001,0.00037,0.999,0.999,0.998,0.999,0.999,0.997,0.999
0.04690,1.0511e+005,0.99642,0.99846,0.99846,0.00001,0.00038,0.999,0.999,0.998,0.999,0.998,0.996,0.999
0.04789,1.05e+005,0.99630,0.99841,0.99841,0.00001,0.00040,0.999,0.999,0.998,0.999,0.998,0.996,0.999
0.04889,1.0489e+005,0.99616,0.99835,0.99835,0.00001,0.00041,0.999,0.999,0.998,0.999,0.998,0.996,0.999
0.04989,1.0478e+005,0.99603,0.99829,0.99829,0.00001,0.00043,0.999,0.999,0.998,0.999,0.998,0.996,0.999
0.05089,1.0467e+005,0.99588,0.99824,0.99823,0.00001,0.00044,0.999,0.999,0.998,0.999,0.998,0.996,0.999
0.05188,1.0456e+005,0.99574,0.99818,0.99817,0.00001,0.00046,0.999,0.999,0.998,0.999,0.998,0.996,0.999
0.05288,1.0445e+005,0.99560,0.99812,0.99811,0.00001,0.00047,0.999,0.999,0.998,0.999,0.998,0.996,0.999
0.05388,1.0434e+005,0.99544,0.99806,0.99805,0.00001,0.00049,0.999,0.999,0.997,0.999,0.998,0.995,0.999
0.05488,1.0423e+005,0.99528,0.99800,0.99800,0.00001,0.00050,0.999,0.999,0.997,0.999,0.998,0.995,0.999
0.05587,1.0412e+005,0.99512,0.99794,0.99793,0.00001,0.00052,0.999,0.999,0.997,0.999,0.998,0.995,0.999
0.05687,1.0401e+005,0.99498,0.99788,0.99787,0.00001,0.00053,0.999,0.998,0.997,0.999,0.998,0.995,0.999
0.05787,1.039e+005,0.99480,0.99781,0.99781,0.00001,0.00055,0.999,0.998,0.997,0.999,0.998,0.995,0.999
0.05887,1.0379e+005,0.99463,0.99775,0.99774,0.00001,0.00056,0.999,0.998,0.997,0.999,0.998,0.995,0.999
0.05986,1.0368e+005,0.99444,0.99769,0.99768,0.00001,0.00058,0.999,0.998,0.997,0.999,0.998,0.994,0.999
0.06086,1.0357e+005,0.99426,0.99762,0.99762,0.00001,0.00060,0.999,0.998,0.997,0.999,0.997,0.994,0.999
0.06186,1.0346e+005,0.99411,0.99756,0.99755,0.00001,0.00061,0.999,0.998,0.997,0.999,0.997,0.994,0.999
0.06286,1.0335e+005,0.99391,0.99749,0.99749,0.00001,0.00063,0.999,0.998,0.997,0.999,0.997,0.994,0.999
0.06385,1.0324e+005,0.99372,0.99743,0.99742,0.00001,0.00065,0.999,0.998,0.997,0.999,0.997,0.994,0.999
0.06485,1.0313e+005,0.99353,0.99736,0.99735,0.00001,0.00066,0.999,0.998,0.996,0.999,0.997,0.994,0.999
0.06585,1.0302e+005,0.99333,0.99729,0.99728,0.00001,0.00068,0.999,0.998,0.996,0.999,0.997,0.993,0.999
0.06685,1.0291e+005,0.99312,0.99722,0.99721,0.00001,0.00070,0.999,0.998,0.996,0.999,0.997,0.993,0.999
0.06784,1.028e+005,0.99292,0.99715,0.99714,0.00001,0.00071,0.999,0.998,0.996,0.999,0.997,0.993,0.999
0.06884,1.0269e+005,0.99270,0.99707,0.99707,0.00001,0.00073,0.999,0.998,0.996,0.999,0.997,0.993,0.999
0.06984,1.0258e+005,0.99249,0.99700,0.99700,0.00001,0.00075,0.999,0.998,0.996,0.999,0.997,0.992,0.998
0.07084,1.0247e+005,0.99229,0.99692,0.99693,0.00001,0.00077,0.999,0.998,0.996,0.999,0.997,0.992,0.998
0.07183,1.0236e+005,0.99206,0.99685,0.99686,0.00001,0.00079,0.999,0.998,0.996,0.999,0.997,0.992,0.998
0.07283,1.0225e+005,0.99183,0.99677,0.99678,0.00001,0.00081,0.999,0.998,0.996,0.998,0.997,0.992,0.998
0.07383,1.0214e+005,0.99159,0.99670,0.99671,0.00001,0.00082,0.999,0.998,0.996,0.998,0.996,0.992,0.998
0.07483,1.0203e+005,0.99138,0.99661,0.99662,0.00001,0.00085,0.998,0.998,0.996,0.998,0.996,0.991,0.998
0.07582,1.0192e+005,0.99116,0.99652,0.99654,0.00001,0.00087,0.998,0.998,0.995,0.998,0.996,0.991,0.998
0.07682,1.0181e+005,0.99093,0.99644,0.99645,0.00001,0.00089,0.998,0.998,0.995,0.998,0.996,0.991,0.998
0.07782,1.017e+005,0.99069,0.99635,0.99637,0.00001,0.00091,0.998,0.998,0.995,0.998,0.996,0.991,0.998
0.07882,1.0159e+005,0.99047,0.99626,0.99628,0.00001,0.00093,0.998,0.998,0.995,0.998,0.996,0.990,0.998
0.07981,1.0148e+005,0.99024,0.99617,0.99619,0.00001,0.00095,0.998,0.998,0.995,0.998,0.996,0.990,0.998
0.08081,1.0137e+005,0.99004,0.99609,0.99611,0.00001,0.00097,0.998,0.997,0.995,0.998,0.996,0.990,0.998
0.08181,1.0126e+005,0.98977,0.99600,0.99602,0.00001,0.00100,0.998,0.997,0.995,0.998,0.996,0.990,0.998
0.08281,1.0115e+005,0.98955,0.99590,0.99594,0.00001,0.00102,0.998,0.997,0.995,0.998,0.996,0.990,0.998
0.08380,1.0104e+005,0.98930,0.99581,0.99585,0.00001,0.00104,0.998,0.997,0.995,0.998,0.995,0.989,0.998
0.08480,1.0093e+005,0.98904,0.99572,0.99576,0.00001,0.00106,0.998,0.997,0.995,0.998,0.995,0.989,0.998
0.08580,1.0082e+005,0.98875,0.99563,0.99567,0.00001,0.00109,0.998,0.997,0.994,0.998,0.995,0.989,0.998
0.08679,1.0071e+005,0.98847,0.99554,0.99558,0.00001,0.00111,0.998,0.997,0.994,0.998,0.995,0.988,0.998
0.08779,1.006e+005,0.98820,0.99544,0.99548,0.00001,0.00113,0.998,0.997,0.994,0.998,0.995,0.988,0.998
0.08879,1.0049e+005,0.98792,0.99534,0.99539,0.00001,0.00116,0.998,0.997,0.994,0.998,0.995,0.988,0.998
0.08979,1.0038e+005,0.98763,0.99524,0.99529,0.00001,0.00118,0.998,0.997,0.994,0.998,0.995,0.988,0.998
0.09078,1.0027e+005,0.98737,0.99514,0.99519,0.00001,0.00120,0.997,0.997,0.994,0.998,0.995,0.987,0.998
0.09178,1.0016e+005,0.98710,0.99504,0.99510,0.00001,0.00123,0.997,0.997,0.994,0.998,0.995,0.987,0.998
0.09278,1.0005e+005,0.98683,0.99494,0.99500,0.00001,0.00125,0.997,0.997,0.994,0.998,0.995,0.987,0.998
0.09378,99941,0.98656,0.99484,0.99489,0.00001,0.00128,0.997,0.997,0.993,0.998,0.995,0.987,0.997
0.09477,99831,0.98630,0.99474,0.99480,0.00001,0.00130,0.997,0.997,0.993,0.998,0.995,0.986,0.997
0.09577,99721,0.98603,0.99463,0.99469,0.00001,0.00133,0.997,0.997,0.993,0.998,0.994,0.986,0.997
0.09677,99611,0.98578,0.99453,0.99458,0.00001,0.00136,0.997,0.997,0.993,0.998,0.994,0.986,0.997
0.09777,99501,0.98551,0.99442,0.99448,0.00001,0.00138,0.997,0.996,0.993,0.998,0.994,0.986,0.997
0.09876,99391,0.98522,0.99431,0.99437,0.00001,0.00141,0.997,0.996,0.993,0.998,0.994,0.985,0.997
0.09976,99281,0.98494,0.99421,0.99427,0.00001,0.00144,0.997,0.996,0.993,0.998,0.994,0.985,0.997
0.10076,99171,0.98464,0.99410,0.99417,0.00001,0.00146,0.997,0.996,0.993,0.997,0.994,0.985,0.997
0.10176,99061,0.98435,0.99399,0.99406,0.00001,0.00149,0.997,0.996,0.992,0.997,0.994,0.984,0.997
0.10275,98951,0.98406,0.99388,0.99395,0.00001,0.00152,0.997,0.996,0.992,0.997,0.994,0.984,0.997
0.10375,98841,0.98374,0.99377,0.99384,0.00001,0.00155,0.997,0.996,0.992,0.997,0.994,0.984,0.997
0.10475,98731,0.98345,0.99367,0.99373,0.00001,0.00157,0.997,0.996,0.992,0.997,0.993,0.983,0.997
0.10575,98621,0.98318,0.99355,0.99362,0.00002,0.00160,0.996,0.996,0.992,0.997,0.993,0.983,0.997
0.10674,98511,0.98291,0.99344,0.99351,0.00002,0.00163,0.996,0.996,0.992,0.997,0.993,0.983,0.997
0.10774,98401,0.98262,0.99333,0.99340,0.00002,0.00166,0.996,0.996,0.992,0.997,0.993,0.983,0.997
0.10874,98291,0.98235,0.99321,0.99328,0.00002,0.00168,0.996,0.996,0.991,0.997,0.993,0.982,0.997
0.10974,98181,0.98202,0.99309,0.99317,0.00002,0.00171,0.996,0.996,0.991,0.997,0.993,0.982,0.997
0.11073,98071,0.98170,0.99297,0.99306,0.00002,0.00174,0.996,0.996,0.991,0.997,0.993,0.982,0.997
0.11173,97961,0.98146,0.99286,0.99294,0.00002,0.00177,0.996,0.995,0.991,0.997,0.993,0.981,0.997
0.11273,97851,0.98118,0.99273,0.99281,0.00002,0.00180,0.996,0.995,0.991,0.997,0.992,0.981,0.996
0.11373,97741,0.98087,0.99261,0.99270,0.00002,0.00183,0.996,0.995,0.991,0.997,0.992,0.981,0.996
0.11472,97631,0.98058,0.99249,0.99258,0.00002,0.00186,0.996,0.995,0.991,0.997,0.992,0.981,0.996
0.11572,97521,0.98031,0.99236,0.99246,0.00002,0.00189,0.996,0.995,0.990,0.997,0.992,0.980,0.996
0.11672,97411,0.98000,0.99223,0.99233,0.00002,0.00193,0.995,0.995,0.990,0.997,0.992,0.980,0.996
0.11772,97301,0.97967,0.99211,0.99221,0.00002,0.00196,0.995,0.995,0.990,0.997,0.992,0.980,0.996
0.11871,97191,0.97939,0.99198,0.99208,0.00002,0.00199,0.995,0.995,0.990,0.997,0.992,0.979,0.996
0.11971,97081,0.97911,0.99185,0.99195,0.00002,0.00202,0.995,0.995,0.990,0.997,0.991,0.979,0.996
0.12071,96971,0.97880,0.99173,0.99183,0.00002,0.00205,0.995,0.995,0.990,0.996,0.991,0.979,0.996
0.12171,96861,0.97850,0.99160,0.99170,0.00002,0.00208,0.995,0.995,0.990,0.996,0.991,0.978,0.996
0.12270,96751,0.97817,0.99147,0.99158,0.00002,0.00212,0.995,0.995,0.989,0.996,0.991,0.978,0.996
0.12370,96641,0.97790,0.99133,0.99144,0.00002,0.00215,0.995,0.994,0.989,0.996,0.991,0.978,0.996
0.12470,96531,0.97759,0.99120,0.99131,0.00002,0.00218,0.995,0.994,0.989,0.996,0.991,0.978,0.996
0.12569,96421,0.97731,0.99106,0.99117,0.00002,0.00222,0.995,0.994,0.989,0.996,0.991,0.977,0.996
0.12669,96311,0.97701,0.99093,0.99104,0.00002,0.00225,0.994,0.994,0.989,0.996,0.990,0.977,0.996
0.12769,96201,0.97671,0.99079,0.99091,0.00002,0.00228,0.994,0.994,0.989,0.996,0.990,0.977,0.995
0.12869,96091,0.97640,0.99065,0.99077,0.00002,0.00232,0.994,0.994,0.988,0.996,0.990,0.976,0.995
0.12968,95981,0.97609,0.99051,0.99064,0.00002,0.00235,0.994,0.994,0.988,0.996,0.990,0.976,0.995
0.13068,95871,0.97577,0.99038,0.99050,0.00002,0.00239,0.994,0.994,0.988,0.996,0.990,0.976,0.995
0.13168,95761,0.97545,0.99023,0.99036,0.00002,0.00242,0.994,0.994,0.988,0.996,0.990,0.975,0.995
0.13268,95651,0.97511,0.99009,0.99022,0.00002,0.00246,0.994,0.994,0.988,0.996,0.989,0.975,0.995
0.13367,95541,0.97477,0.98995,0.99008,0.00002,0.00249,0.994,0.993,0.988,0.996,0.989,0.975,0.995
0.13467,95431,0.97443,0.98980,0.98994,0.00002,0.00253,0.994,0.993,0.987,0.996,0.989,0.974,0.995
0.13567,95321,0.97414,0.98965,0.98979,0.00002,0.00257,0.994,0.993,0.987,0.996,0.989,0.974,0.995
0.13667,95211,0.97380,0.98950,0.98965,0.00002,0.00260,0.993,0.993,0.987,0.996,0.989,0.974,0.995
0.13766,95101,0.97342,0.98935,0.98950,0.00002,0.00264,0.993,0.993,0.987,0.995,0.989,0.973,0.995
0.13866,94991,0.97311,0.98920,0.98935,0.00002,0.00268,0.993,0.993,0.987,0.995,0.988,0.973,0.994
0.13966,94881,0.97282,0.98904,0.98919,0.00002,0.00272,0.993,0.993,0.987,0.995,0.988,0.973,0.994
0.14066,94771,0.97244,0.98888,0.98903,0.00002,0.00276,0.993,0.993,0.986,0.995,0.988,0.972,0.994
0.14165,94661,0.97207,0.98872,0.98887,0.00002,0.00280,0.993,0.993,0.986,0.995,0.988,0.972,0.994
0.14265,94551,0.97171,0.98857,0.98873,0.00002,0.00283,0.993,0.992,0.986,0.995,0.988,0.972,0.994
0.14365,94441,0.97133,0.98840,0.98856,0.00002,0.00288,0.993,0.992,0.986,0.995,0.987,0.971,0.994
0.14465,94331,0.97105,0.98823,0.98840,0.00002,0.00292,0.992,0.992,0.986,0.995,0.987,0.971,0.994
0.14564,94221,0.97072,0.98807,0.98824,0.00002,0.00296,0.992,0.992,0.986,0.995,0.987,0.971,0.994
0.14664,94111,0.97039,0.98790,0.98807,0.00002,0.00300,0.992,0.992,0.985,0.995,0.987,0.970,0.994
0.14764,94001,0.96998,0.98774,0.98792,0.00002,0.00304,0.992,0.992,0.985,0.995,0.987,0.970,0.994
0.14864,93891,0.96962,0.98756,0.98774,0.00002,0.00308,0.992,0.992,0.985,0.995,0.986,0.970,0.994
0.14963,93781,0.96925,0.98739,0.98758,0.00002,0.00313,0.992,0.992,0.985,0.995,0.986,0.969,0.993
0.15063,93671,0.96892,0.98722,0.98741,0.00002,0.00317,0.992,0.992,0.985,0.995,0.986,0.969,0.993
0.15163,93561,0.96861,0.98704,0.98723,0.00002,0.00321,0.991,0.991,0.984,0.995,0.986,0.969,0.993
0.15263,93451,0.96825,0.98686,0.98705,0.00002,0.00326,0.991,0.991,0.984,0.995,0.985,0.968,0.993
0.15362,93341,0.96790,0.98668,0.98688,0.00002,0.00330,0.991,0.991,0.984,0.995,0.985,0.968,0.993
0.15462,93231,0.96753,0.98649,0.98669,0.00002,0.00335,0.991,0.991,0.984,0.994,0.985,0.968,0.993
0.15562,93121,0.96723,0.98630,0.98651,0.00002,0.00339,0.991,0.991,0.984,0.994,0.985,0.967,0.993
0.15662,93011,0.96692,0.98611,0.98633,0.00002,0.00344,0.991,0.991,0.983,0.994,0.984,0.967,0.992
0.15761,92901,0.96654,0.98591,0.98613,0.00002,0.00349,0.990,0.991,0.983,0.994,0.984,0.967,0.992
0.15861,92791,0.96619,0.98571,0.98594,0.00002,0.00354,0.990,0.990,0.983,0.994,0.984,0.966,0.992
0.15961,92681,0.96589,0.98551,0.98574,0.00002,0.00359,0.990,0.990,0.983,0.994,0.983,0.966,0.992
0.16060,92571,0.96557,0.98531,0.98555,0.00002,0.00364,0.990,0.990,0.983,0.994,0.983,0.966,0.992
0.16160,92461,0.96521,0.98512,0.98536,0.00002,0.00369,0.990,0.990,0.982,0.994,0.983,0.965,0.992
0.16260,92351,0.96490,0.98491,0.98516,0.00002,0.00374,0.989,0.990,0.982,0.994,0.983,0.965,0.991
0.16360,92241,0.96450,0.98472,0.98498,0.00002,0.00378,0.989,0.990,0.982,0.994,0.982,0.964,0.991
0.16459,92131,0.96418,0.98453,0.98478,0.00002,0.00383,0.989,0.990,0.982,0.994,0.982,0.964,0.991
0.16559,92021,0.96378,0.98432,0.98459,0.00002,0.00388,0.989,0.989,0.982,0.994,0.982,0.964,0.991
0.16659,91911,0.96344,0.98412,0.98439,0.00002,0.00393,0.989,0.989,0.981,0.994,0.981,0.963,0.991
0.16759,91801,0.96320,0.98392,0.98419,0.00002,0.00398,0.989,0.989,0.981,0.994,0.981,0.963,0.991
0.16858,91691,0.96293,0.98371,0.98398,0.00002,0.00404,0.989,0.989,0.981,0.993,0.981,0.963,0.990
0.16958,91581,0.96265,0.98350,0.98378,0.00002,0.00409,0.988,0.989,0.981,0.993,0.980,0.963,0.990
0.17058,91471,0.96242,0.98328,0.98357,0.00002,0.00414,0.988,0.989,0.981,0.993,0.980,0.962,0.990
0.17158,91361,0.96215,0.98307,0.98336,0.00002,0.00419,0.988,0.988,0.980,0.993,0.980,0.962,0.990
0.17257,91251,0.96187,0.98286,0.98316,0.00002,0.00424,0.988,0.988,0.980,0.993,0.979,0.962,0.989
0.17357,91141,0.96157,0.98266,0.98296,0.00002,0.00430,0.988,0.988,0.980,0.993,0.979,0.962,0.989
0.17457,91031,0.96127,0.98245,0.98275,0.00003,0.00435,0.988,0.988,0.980,0.993,0.978,0.961,0.989
0.17557,90921,0.96097,0.98223,0.98254,0.00003,0.00440,0.987,0.988,0.980,0.993,0.978,0.961,0.989
0.17656,90811,0.96061,0.98203,0.98235,0.00003,0.00445,0.987,0.987,0.979,0.993,0.978,0.961,0.989
0.17756,90701,0.96025,0.98181,0.98214,0.00003,0.00450,0.987,0.987,0.979,0.993,0.978,0.960,0.988
0.17856,90591,0.95996,0.98161,0.98194,0.00003,0.00455,0.987,0.987,0.979,0.993,0.977,0.960,0.988
0.17956,90481,0.95960,0.98139,0.98173,0.00003,0.00461,0.987,0.987,0.979,0.993,0.977,0.960,0.988
0.18055,90371,0.95925,0.98118,0.98152,0.00003,0.00466,0.987,0.987,0.979,0.992,0.977,0.959,0.988
0.18155,90261,0.95890,0.98098,0.98132,0.00003,0.00471,0.987,0.987,0.978,0.992,0.976,0.959,0.988
0.18255,90151,0.95850,0.98078,0.98112,0.00003,0.00476,0.986,0.986,0.978,0.992,0.976,0.958,0.988
0.18355,90041,0.95818,0.98057,0.98091,0.00003,0.00482,0.986,0.986,0.978,0.992,0.976,0.958,0.987
0.18454,89931,0.95778,0.98034,0.98069,0.00003,0.00487,0.986,0.986,0.978,0.992,0.975,0.958,0.987
0.18554,89821,0.95750,0.98012,0.98047,0.00003,0.00493,0.986,0.986,0.978,0.992,0.975,0.957,0.987
0.18654,89711,0.95713,0.97990,0.98026,0.00003,0.00498,0.986,0.986,0.977,0.992,0.975,0.957,0.987
0.18754,89601,0.95678,0.97967,0.98004,0.00003,0.00504,0.986,0.985,0.977,0.992,0.974,0.957,0.986
0.18853,89491,0.95637,0.97947,0.97984,0.00003,0.00509,0.985,0.985,0.977,0.992,0.974,0.956,0.986
0.18953,89381,0.95598,0.97924,0.97961,0.00003,0.00515,0.985,0.985,0.977,0.992,0.974,0.956,0.986
0.19053,89271,0.95562,0.97903,0.97941,0.00003,0.00520,0.985,0.985,0.977,0.992,0.974,0.956,0.986
0.19153,89161,0.95529,0.97880,0.97919,0.00003,0.00525,0.985,0.985,0.976,0.991,0.973,0.955,0.986
0.19252,89051,0.95492,0.97858,0.97897,0.00003,0.00531,0.985,0.984,0.976,0.991,0.973,0.955,0.985
0.19352,88941,0.95449,0.97835,0.97874,0.00003,0.00537,0.985,0.984,0.976,0.991,0.973,0.954,0.985
0.19452,88831,0.95416,0.97814,0.97853,0.00003,0.00542,0.984,0.984,0.976,0.991,0.972,0.954,0.985
0.19552,88721,0.95378,0.97792,0.97831,0.00003,0.00548,0.984,0.984,0.976,0.991,0.972,0.954,0.985
0.19651,88611,0.95342,0.97768,0.97808,0.00003,0.00554,0.984,0.984,0.975,0.991,0.972,0.953,0.985
0.19751,88501,0.95299,0.97746,0.97787,0.00003,0.00559,0.984,0.983,0.975,0.991,0.971,0.953,0.984
0.19851,88391,0.95262,0.97723,0.97764,0.00003,0.00565,0.984,0.983,0.975,0.991,0.971,0.953,0.984
0.19950,88281,0.95223,0.97699,0.97741,0.00003,0.00571,0.983,0.983,0.975,0.991,0.971,0.952,0.984
0.20050,88171,0.95194,0.97675,0.97717,0.00003,0.00577,0.983,0.983,0.975,0.991,0.970,0.952,0.984
0.20150,88061,0.95160,0.97651,0.97694,0.00003,0.00583,0.983,0.983,0.974,0.990,0.970,0.952,0.984
0.20250,87951,0.95124,0.97627,0.97671,0.00003,0.00588,0.983,0.982,0.974,0.990,0.970,0.951,0.983
0.20349,87841,0.95090,0.97605,0.97649,0.00003,0.00594,0.983,0.982,0.974,0.990,0.969,0.951,0.983
0.20449,87731,0.95052,0.97583,0.97628,0.00003,0.00600,0.983,0.982,0.974,0.990,0.969,0.951,0.983
0.20549,87621,0.95019,0.97559,0.97603,0.00003,0.00606,0.982,0.982,0.974,0.990,0.969,0.950,0.983
0.20649,87511,0.94988,0.97535,0.97580,0.00003,0.00612,0.982,0.981,0.973,0.990,0.968,0.950,0.982
0.20748,87401,0.94957,0.97511,0.97557,0.00003,0.00618,0.982,0.981,0.973,0.990,0.968,0.950,0.982
0.20848,87291,0.94933,0.97486,0.97533,0.00003,0.00624,0.982,0.981,0.973,0.990,0.968,0.949,0.982
0.20948,87181,0.94896,0.97463,0.97510,0.00003,0.00630,0.981,0.981,0.973,0.990,0.967,0.949,0.982
0.21048,87071,0.94869,0.97439,0.97486,0.00003,0.00636,0.981,0.980,0.973,0.989,0.967,0.949,0.981
0.21147,86961,0.94831,0.97414,0.97462,0.00003,0.00642,0.981,0.980,0.972,0.989,0.967,0.948,0.981
0.21247,86851,0.94802,0.97391,0.97438,0.00003,0.00648,0.981,0.980,0.972,0.989,0.966,0.948,0.981
0.21347,86741,0.94768,0.97365,0.97413,0.00003,0.00654,0.981,0.980,0.972,0.989,0.966,0.948,0.981
0.21447,86631,0.94736,0.97339,0.97388,0.00003,0.00661,0.980,0.979,0.972,0.989,0.966,0.947,0.980
0.21546,86521,0.94698,0.97314,0.97363,0.00003,0.00667,0.980,0.979,0.972,0.989,0.965,0.947,0.980
0.21646,86411,0.94663,0.97290,0.97339,0.00003,0.00673,0.980,0.979,0.971,0.989,0.965,0.947,0.980
0.21746,86301,0.94617,0.97266,0.97315,0.00003,0.00679,0.980,0.979,0.971,0.989,0.965,0.946,0.980
0.21846,86191,0.94566,0.97241,0.97291,0.00003,0.00686,0.980,0.978,0.971,0.989,0.964,0.946,0.979
0.21945,86081,0.94522,0.97216,0.97267,0.00003,0.00692,0.979,0.978,0.971,0.988,0.964,0.945,0.979
0.22045,85971,0.94481,0.97191,0.97243,0.00003,0.00698,0.979,0.978,0.971,0.988,0.964,0.945,0.979
0.22145,85861,0.94438,0.97164,0.97216,0.00003,0.00705,0.979,0.978,0.970,0.988,0.963,0.944,0.979
0.22245,85751,0.94403,0.97135,0.97189,0.00003,0.00712,0.979,0.977,0.970,0.988,0.963,0.944,0.978
0.22344,85641,0.94361,0.97107,0.97162,0.00003,0.00719,0.978,0.977,0.970,0.988,0.962,0.944,0.978
0.22444,85531,0.94321,0.97081,0.97137,0.00003,0.00725,0.978,0.977,0.970,0.988,0.962,0.943,0.978
0.22544,85421,0.94286,0.97054,0.97111,0.00003,0.00732,0.978,0.977,0.970,0.988,0.962,0.943,0.978
0.22644,85311,0.94245,0.97027,0.97084,0.00003,0.00739,0.978,0.976,0.969,0.987,0.961,0.942,0.977
0.22743,85201,0.94207,0.97000,0.97058,0.00003,0.00745,0.977,0.976,0.969,0.987,0.961,0.942,0.977
0.22843,85091,0.94172,0.96971,0.97030,0.00003,0.00752,0.977,0.976,0.969,0.987,0.961,0.942,0.977
0.22943,84981,0.94133,0.96944,0.97004,0.00003,0.00759,0.977,0.976,0.969,0.987,0.960,0.941,0.976
0.23043,84871,0.94097,0.96916,0.96977,0.00003,0.00766,0.977,0.975,0.968,0.987,0.960,0.941,0.976
0.23142,84761,0.94051,0.96890,0.96952,0.00003,0.00772,0.976,0.975,0.968,0.987,0.960,0.941,0.976
0.23242,84651,0.94012,0.96863,0.96926,0.00003,0.00779,0.976,0.975,0.968,0.987,0.959,0.940,0.976
0.23342,84541,0.93977,0.96835,0.96899,0.00003,0.00786,0.976,0.975,0.968,0.986,0.959,0.940,0.975
0.23442,84431,0.93938,0.96804,0.96869,0.00003,0.00794,0.976,0.974,0.968,0.986,0.958,0.939,0.975
0.23541,84321,0.93901,0.96770,0.96838,0.00003,0.00802,0.975,0.974,0.967,0.986,0.958,0.939,0.974
0.23641,84211,0.93859,0.96738,0.96808,0.00003,0.00809,0.975,0.974,0.967,0.986,0.957,0.939,0.974
0.23741,84101,0.93818,0.96709,0.96780,0.00003,0.00816,0.975,0.974,0.967,0.986,0.957,0.938,0.974
0.23840,83991,0.93769,0.96679,0.96752,0.00004,0.00824,0.974,0.973,0.967,0.985,0.957,0.938,0.973
0.23940,83881,0.93724,0.96650,0.96725,0.00004,0.00831,0.974,0.973,0.967,0.985,0.956,0.937,0.973
0.24040,83771,0.93679,0.96622,0.96697,0.00004,0.00838,0.974,0.973,0.966,0.985,0.956,0.937,0.973
0.24140,83661,0.93633,0.96592,0.96668,0.00004,0.00845,0.974,0.973,0.966,0.985,0.955,0.936,0.973
0.24239,83551,0.93591,0.96560,0.96639,0.00004,0.00853,0.973,0.972,0.966,0.985,0.955,0.936,0.972
0.24339,83441,0.93557,0.96530,0.96610,0.00004,0.00860,0.973,0.972,0.966,0.984,0.955,0.936,0.972
0.24439,83331,0.93518,0.96500,0.96581,0.00004,0.00868,0.973,0.972,0.965,0.984,0.954,0.935,0.971
0.24539,83221,0.93471,0.96469,0.96552,0.00004,0.00875,0.972,0.972,0.965,0.984,0.954,0.935,0.971
0.24638,83111,0.93429,0.96438,0.96523,0.00004,0.00883,0.972,0.971,0.965,0.984,0.953,0.934,0.971
0.24738,83001,0.93384,0.96406,0.96493,0.00004,0.00890,0.972,0.971,0.965,0.983,0.953,0.934,0.970
0.24838,82891,0.93348,0.96374,0.96463,0.00004,0.00898,0.972,0.971,0.965,0.983,0.952,0.933,0.970
0.24938,82781,0.93308,0.96340,0.96431,0.00004,0.00906,0.971,0.971,0.964,0.983,0.952,0.933,0.970
0.25037,82671,0.93262,0.96308,0.96401,0.00004,0.00914,0.971,0.970,0.964,0.983,0.952,0.933,0.969
0.25137,82561,0.93214,0.96276,0.96371,0.00004,0.00922,0.971,0.970,0.964,0.983,0.951,0.932,0.969
0.25237,82451,0.93172,0.96243,0.96340,0.00004,0.00930,0.970,0.970,0.964,0.982,0.951,0.932,0.968
0.25337,82341,0.93121,0.96211,0.96310,0.00004,0.00937,0.970,0.970,0.963,0.982,0.950,0.931,0.968
0.25436,82231,0.93080,0.96178,0.96279,0.00004,0.00945,0.970,0.969,0.963,0.982,0.950,0.931,0.968
0.25536,82121,0.93031,0.96146,0.96249,0.00004,0.00953,0.970,0.969,0.963,0.981,0.950,0.930,0.967
0.25636,82011,0.92977,0.96115,0.96219,0.00004,0.00961,0.969,0.969,0.963,0.981,0.949,0.930,0.967
0.25736,81901,0.92928,0.96083,0.96190,0.00004,0.00968,0.969,0.969,0.963,0.981,0.949,0.929,0.967
0.25835,81791,0.92878,0.96049,0.96159,0.00004,0.00976,0.969,0.968,0.962,0.981,0.948,0.929,0.966
0.25935,81681,0.92838,0.96014,0.96127,0.00004,0.00985,0.968,0.968,0.962,0.980,0.948,0.928,0.966
0.26035,81571,0.92803,0.95977,0.96093,0.00004,0.00993,0.968,0.968,0.962,0.980,0.947,0.928,0.965
0.26135,81461,0.92761,0.95944,0.96062,0.00004,0.01002,0.968,0.968,0.962,0.980,0.947,0.928,0.965
0.26234,81351,0.92714,0.95911,0.96032,0.00004,0.01009,0.968,0.968,0.962,0.979,0.946,0.927,0.964
0.26334,81241,0.92675,0.95874,0.95997,0.00004,0.01018,0.967,0.967,0.961,0.979,0.946,0.927,0.964
0.26434,81131,0.92625,0.95841,0.95967,0.00004,0.01026,0.967,0.967,0.961,0.979,0.945,0.926,0.963
0.26534,81021,0.92588,0.95807,0.95935,0.00004,0.01034,0.967,0.967,0.961,0.978,0.945,0.926,0.963
0.26633,80911,0.92547,0.95772,0.95903,0.00004,0.01043,0.967,0.967,0.961,0.978,0.945,0.925,0.962
0.26733,80801,0.92497,0.95736,0.95870,0.00004,0.01051,0.966,0.966,0.960,0.978,0.944,0.925,0.962
0.26833,80691,0.92452,0.95701,0.95837,0.00004,0.01060,0.966,0.966,0.960,0.977,0.944,0.925,0.961
0.26933,80581,0.92408,0.95664,0.95803,0.00004,0.01068,0.966,0.966,0.960,0.977,0.943,0.924,0.961
0.27032,80471,0.92376,0.95624,0.95768,0.00004,0.01077,0.965,0.966,0.960,0.976,0.943,0.924,0.960
0.27132,80361,0.92341,0.95588,0.95734,0.00004,0.01086,0.965,0.965,0.959,0.976,0.942,0.923,0.960
0.27232,80251,0.92308,0.95553,0.95701,0.00004,0.01095,0.965,0.965,0.959,0.976,0.942,0.923,0.959
0.27332,80141,0.92265,0.95516,0.95667,0.00004,0.01103,0.965,0.965,0.959,0.975,0.941,0.923,0.959
0.27431,80031,0.92230,0.95480,0.95634,0.00004,0.01112,0.964,0.965,0.959,0.975,0.941,0.922,0.958
0.27531,79921,0.92185,0.95442,0.95599,0.00004,0.01121,0.964,0.964,0.959,0.974,0.940,0.922,0.958
0.27631,79811,0.92145,0.95406,0.95565,0.00004,0.01130,0.964,0.964,0.958,0.974,0.940,0.921,0.957
0.27730,79701,0.92091,0.95371,0.95532,0.00004,0.01138,0.964,0.964,0.958,0.974,0.939,0.921,0.957
0.27830,79591,0.92042,0.95334,0.95498,0.00004,0.01147,0.963,0.964,0.958,0.973,0.939,0.920,0.956
0.27930,79481,0.91999,0.95297,0.95464,0.00004,0.01156,0.963,0.963,0.958,0.973,0.938,0.920,0.956
0.28030,79371,0.91949,0.95260,0.95430,0.00004,0.01165,0.963,0.963,0.957,0.973,0.938,0.919,0.955
0.28129,79261,0.91897,0.95222,0.95395,0.00004,0.01174,0.962,0.963,0.957,0.972,0.937,0.919,0.955
0.28229,79151,0.91848,0.95184,0.95360,0.00004,0.01183,0.962,0.963,0.957,0.972,0.937,0.918,0.954
0.28329,79041,0.91807,0.95148,0.95326,0.00004,0.01192,0.962,0.962,0.956,0.972,0.936,0.918,0.954
0.28429,78931,0.91767,0.95107,0.95288,0.00004,0.01202,0.961,0.962,0.956,0.971,0.936,0.918,0.953
0.28528,78821,0.91722,0.95068,0.95252,0.00004,0.01211,0.961,0.962,0.956,0.971,0.935,0.917,0.953
0.28628,78711,0.91676,0.95031,0.95218,0.00004,0.01220,0.961,0.962,0.956,0.970,0.935,0.917,0.952
0.28728,78601,0.91632,0.94995,0.95184,0.00004,0.01229,0.961,0.961,0.955,0.970,0.934,0.916,0.952
0.28828,78491,0.91582,0.94958,0.95150,0.00004,0.01238,0.960,0.961,0.955,0.970,0.934,0.916,0.951
0.28927,78381,0.91536,0.94920,0.95115,0.00004,0.01247,0.960,0.961,0.955,0.969,0.933,0.915,0.951
0.29027,78271,0.91492,0.94881,0.95079,0.00004,0.01256,0.960,0.961,0.955,0.969,0.933,0.915,0.950
0.29127,78161,0.91432,0.94842,0.95042,0.00004,0.01266,0.959,0.960,0.954,0.969,0.932,0.914,0.950
0.29227,78051,0.91389,0.94802,0.95005,0.00005,0.01276,0.959,0.960,0.954,0.968,0.932,0.914,0.949
0.29326,77941,0.91341,0.94762,0.94967,0.00005,0.01285,0.959,0.960,0.954,0.968,0.931,0.913,0.949
0.29426,77831,0.91284,0.94725,0.94932,0.00005,0.01294,0.958,0.960,0.954,0.968,0.931,0.913,0.948
0.29526,77721,0.91238,0.94684,0.94894,0.00005,0.01304,0.958,0.959,0.953,0.967,0.930,0.912,0.948
0.29626,77611,0.91184,0.94647,0.94859,0.00005,0.01313,0.958,0.959,0.953,0.967,0.929,0.912,0.947
0.29725,77501,0.91148,0.94607,0.94822,0.00005,0.01323,0.957,0.959,0.953,0.967,0.929,0.911,0.947
0.29825,77391,0.91095,0.94567,0.94786,0.00005,0.01333,0.957,0.959,0.952,0.966,0.928,0.911,0.946
0.29925,77281,0.91039,0.94526,0.94748,0.00005,0.01343,0.957,0.958,0.952,0.966,0.928,0.910,0.946
0.30025,77171,0.90994,0.94486,0.94710,0.00005,0.01352,0.956,0.958,0.952,0.966,0.927,0.910,0.945
0.30124,77061,0.90935,0.94446,0.94673,0.00005,0.01362,0.956,0.958,0.952,0.965,0.927,0.909,0.944
0.30224,76951,0.90895,0.94406,0.94636,0.00005,0.01372,0.956,0.958,0.951,0.965,0.926,0.909,0.944
0.30324,76841,0.90849,0.94365,0.94598,0.00005,0.01382,0.956,0.957,0.951,0.964,0.925,0.908,0.943
0.30424,76731,0.90796,0.94322,0.94559,0.00005,0.01392,0.955,0.957,0.951,0.964,0.925,0.908,0.943
0.30523,76621,0.90757,0.94278,0.94517,0.00005,0.01403,0.955,0.957,0.950,0.963,0.924,0.908,0.942
0.30623,76511,0.90707,0.94228,0.94472,0.00005,0.01415,0.955,0.956,0.950,0.963,0.924,0.907,0.942
0.30723,76401,0.90662,0.94180,0.94427,0.00005,0.01426,0.954,0.956,0.950,0.962,0.923,0.907,0.941
0.30823,76291,0.90626,0.94132,0.94383,0.00005,0.01438,0.954,0.956,0.949,0.961,0.922,0.906,0.941
0.30922,76181,0.90584,0.94082,0.94337,0.00005,0.01450,0.954,0.956,0.949,0.960,0.921,0.906,0.940
0.31022,76071,0.90538,0.94034,0.94293,0.00005,0.01461,0.953,0.955,0.949,0.959,0.920,0.905,0.940
0.31122,75961,0.90489,0.93983,0.94246,0.00005,0.01474,0.953,0.955,0.948,0.959,0.920,0.905,0.939
0.31221,75851,0.90441,0.93937,0.94202,0.00005,0.01485,0.953,0.955,0.948,0.958,0.919,0.904,0.939
0.31321,75741,0.90393,0.93885,0.94154,0.00005,0.01498,0.952,0.954,0.948,0.957,0.918,0.904,0.938
0.31421,75631,0.90341,0.93835,0.94107,0.00005,0.01510,0.952,0.954,0.947,0.957,0.918,0.903,0.938
0.31521,75521,0.90305,0.93785,0.94061,0.00005,0.01522,0.952,0.954,0.947,0.956,0.917,0.903,0.937
0.31620,75411,0.90260,0.93738,0.94017,0.00005,0.01534,0.951,0.953,0.947,0.955,0.916,0.903,0.937
0.31720,75301,0.90211,0.93689,0.93972,0.00005,0.01546,0.951,0.953,0.946,0.955,0.915,0.902,0.936
0.31820,75191,0.90173,0.93640,0.93925,0.00005,0.01558,0.951,0.953,0.946,0.954,0.914,0.902,0.936
0.31920,75081,0.90128,0.93589,0.93879,0.00005,0.01570,0.950,0.952,0.945,0.953,0.914,0.901,0.935
0.32019,74971,0.90071,0.93541,0.93834,0.00005,0.01582,0.950,0.952,0.945,0.952,0.913,0.901,0.934
0.32119,74861,0.90014,0.93494,0.93790,0.00005,0.01593,0.950,0.952,0.945,0.952,0.912,0.900,0.934
0.32219,74751,0.89963,0.93448,0.93747,0.00005,0.01605,0.950,0.951,0.944,0.951,0.912,0.900,0.934
0.32319,74641,0.89926,0.93398,0.93700,0.00005,0.01617,0.949,0.951,0.944,0.950,0.911,0.899,0.933
0.32418,74531,0.89869,0.93346,0.93653,0.00005,0.01629,0.949,0.951,0.944,0.950,0.910,0.899,0.932
0.32518,74421,0.89820,0.93297,0.93607,0.00005,0.01642,0.949,0.951,0.943,0.949,0.909,0.898,0.932
0.32618,74311,0.89781,0.93249,0.93562,0.00005,0.01654,0.948,0.950,0.943,0.949,0.908,0.898,0.931
0.32718,74201,0.89730,0.93199,0.93516,0.00005,0.01666,0.948,0.950,0.943,0.948,0.908,0.897,0.931
0.32817,74091,0.89681,0.93148,0.93468,0.00005,0.01678,0.948,0.950,0.942,0.947,0.907,0.897,0.930
0.32917,73981,0.89627,0.93098,0.93421,0.00005,0.01691,0.947,0.949,0.942,0.947,0.906,0.896,0.929
0.33017,73871,0.89580,0.93050,0.93375,0.00005,0.01703,0.947,0.949,0.941,0.946,0.905,0.896,0.929
0.33117,73761,0.89526,0.93000,0.93328,0.00005,0.01715,0.947,0.949,0.941,0.945,0.905,0.895,0.928
0.33216,73651,0.89485,0.92951,0.93283,0.00005,0.01727,0.947,0.948,0.941,0.945,0.904,0.895,0.928
0.33316,73541,0.89429,0.92898,0.93233,0.00005,0.01740,0.946,0.948,0.940,0.944,0.903,0.894,0.927
0.33416,73431,0.89378,0.92844,0.93183,0.00005,0.01754,0.946,0.948,0.940,0.943,0.902,0.894,0.927
0.33516,73321,0.89326,0.92795,0.93136,0.00006,0.01766,0.946,0.947,0.939,0.943,0.901,0.893,0.926
0.33615,73211,0.89261,0.92745,0.93090,0.00006,0.01778,0.946,0.947,0.939,0.942,0.901,0.893,0.926
0.33715,73101,0.89210,0.92693,0.93042,0.00006,0.01791,0.945,0.947,0.938,0.941,0.900,0.892,0.925
0.33815,72991,0.89145,0.92643,0.92995,0.00006,0.01803,0.945,0.947,0.938,0.941,0.899,0.891,0.924
0.33915,72881,0.89072,0.92590,0.92946,0.00006,0.01816,0.945,0.946,0.937,0.940,0.899,0.891,0.924
0.34014,72771,0.89017,0.92537,0.92898,0.00006,0.01829,0.944,0.946,0.937,0.939,0.898,0.890,0.923
0.34114,72661,0.88955,0.92486,0.92849,0.00006,0.01842,0.944,0.946,0.937,0.938,0.897,0.890,0.923
0.34214,72551,0.88907,0.92432,0.92801,0.00006,0.01855,0.943,0.945,0.936,0.937,0.896,0.889,0.922
0.34314,72441,0.88853,0.92380,0.92754,0.00006,0.01867,0.943,0.945,0.936,0.937,0.896,0.889,0.922
0.34413,72331,0.88797,0.92330,0.92708,0.00006,0.01880,0.943,0.945,0.936,0.936,0.895,0.888,0.921
0.34513,72221,0.88762,0.92276,0.92659,0.00006,0.01893,0.942,0.945,0.935,0.935,0.894,0.888,0.920
0.34613,72111,0.88712,0.92223,0.92609,0.00006,0.01906,0.942,0.944,0.935,0.934,0.894,0.887,0.920
0.34713,72001,0.88648,0.92173,0.92564,0.00006,0.01918,0.942,0.944,0.935,0.933,0.893,0.886,0.919
0.34812,71891,0.88594,0.92121,0.92518,0.00006,0.01930,0.941,0.944,0.934,0.932,0.892,0.886,0.919
0.34912,71781,0.88531,0.92067,0.92468,0.00006,0.01943,0.941,0.943,0.934,0.931,0.892,0.885,0.918
0.35012,71671,0.88490,0.92014,0.92419,0.00006,0.01956,0.941,0.943,0.934,0.930,0.891,0.885,0.917
0.35111,71561,0.88428,0.91963,0.92372,0.00006,0.01969,0.941,0.943,0.933,0.929,0.890,0.884,0.917
0.35211,71451,0.88367,0.91909,0.92323,0.00006,0.01982,0.940,0.943,0.933,0.929,0.889,0.884,0.916
0.35311,71341,0.88300,0.91859,0.92277,0.00006,0.01994,0.940,0.942,0.933,0.928,0.889,0.883,0.916
0.35411,71231,0.88241,0.91811,0.92233,0.00006,0.02006,0.940,0.942,0.932,0.927,0.888,0.882,0.915
0.35510,71121,0.88180,0.91755,0.92183,0.00006,0.02019,0.939,0.942,0.932,0.926,0.888,0.882,0.915
0.35610,71011,0.88128,0.91701,0.92134,0.00006,0.02032,0.939,0.941,0.932,0.925,0.887,0.881,0.914
0.35710,70901,0.88068,0.91646,0.92085,0.00006,0.02046,0.938,0.941,0.931,0.924,0.886,0.881,0.913
0.35810,70791,0.88021,0.91592,0.92035,0.00006,0.02059,0.938,0.941,0.931,0.923,0.886,0.880,0.912
0.35909,70681,0.87963,0.91538,0.91986,0.00006,0.02072,0.938,0.941,0.931,0.923,0.885,0.880,0.912
0.36009,70571,0.87911,0.91486,0.91938,0.00006,0.02085,0.937,0.940,0.930,0.922,0.884,0.879,0.911
0.36109,70461,0.87863,0.91431,0.91887,0.00006,0.02098,0.937,0.940,0.930,0.921,0.883,0.879,0.911
0.36209,70351,0.87800,0.91376,0.91837,0.00006,0.02112,0.937,0.940,0.929,0.920,0.883,0.878,0.910
0.36308,70241,0.87750,0.91324,0.91790,0.00006,0.02124,0.936,0.939,0.929,0.919,0.882,0.877,0.909
0.36408,70131,0.87697,0.91270,0.91740,0.00006,0.02138,0.936,0.939,0.929,0.918,0.881,0.877,0.909
0.36508,70021,0.87645,0.91210,0.91684,0.00006,0.02153,0.935,0.939,0.928,0.917,0.881,0.876,0.908
0.36608,69911,0.87590,0.91155,0.91634,0.00006,0.02166,0.935,0.938,0.928,0.916,0.880,0.876,0.907
0.36707,69801,0.87550,0.91102,0.91585,0.00006,0.02179,0.934,0.938,0.928,0.915,0.879,0.876,0.907
0.36807,69691,0.87499,0.91045,0.91533,0.00006,0.02193,0.934,0.938,0.927,0.915,0.879,0.875,0.906
0.36907,69581,0.87444,0.90992,0.91485,0.00006,0.02206,0.934,0.937,0.927,0.914,0.878,0.874,0.906
0.37007,69471,0.87395,0.90935,0.91433,0.00006,0.02220,0.933,0.937,0.927,0.913,0.877,0.874,0.905
0.37106,69361,0.87348,0.90879,0.91381,0.00006,0.02234,0.933,0.937,0.926,0.912,0.876,0.873,0.904
0.37206,69251,0.87295,0.90823,0.91331,0.00006,0.02247,0.933,0.936,0.926,0.911,0.876,0.873,0.903
0.37306,69141,0.87234,0.90766,0.91278,0.00006,0.02262,0.932,0.936,0.925,0.910,0.875,0.872,0.903
0.37406,69031,0.87192,0.90708,0.91225,0.00006,0.02276,0.932,0.936,0.925,0.909,0.874,0.872,0.902
0.37505,68921,0.87124,0.90650,0.91174,0.00006,0.02290,0.931,0.935,0.925,0.908,0.874,0.871,0.901
0.37605,68811,0.87060,0.90594,0.91122,0.00006,0.02304,0.931,0.935,0.924,0.907,0.873,0.871,0.900
0.37705,68701,0.87011,0.90536,0.91069,0.00006,0.02318,0.931,0.935,0.924,0.906,0.872,0.870,0.900
0.37805,68591,0.86963,0.90480,0.91018,0.00007,0.02332,0.930,0.934,0.924,0.905,0.872,0.870,0.899
0.37904,68481,0.86907,0.90422,0.90964,0.00007,0.02346,0.930,0.934,0.923,0.904,0.871,0.869,0.898
0.38004,68371,0.86841,0.90364,0.90911,0.00007,0.02361,0.929,0.934,0.923,0.903,0.870,0.868,0.898
0.38104,68261,0.86802,0.90307,0.90860,0.00007,0.02374,0.929,0.933,0.923,0.902,0.870,0.868,0.897
0.38204,68151,0.86746,0.90250,0.90807,0.00007,0.02389,0.928,0.933,0.922,0.901,0.869,0.867,0.896
0.38303,68041,0.86690,0.90190,0.90752,0.00007,0.02404,0.928,0.933,0.922,0.900,0.868,0.867,0.896
0.38403,67931,0.86636,0.90131,0.90699,0.00007,0.02418,0.927,0.932,0.921,0.899,0.868,0.866,0.895
0.38503,67821,0.86588,0.90070,0.90643,0.00007,0.02433,0.927,0.932,0.921,0.898,0.867,0.866,0.894
0.38603,67711,0.86533,0.90012,0.90590,0.00007,0.02448,0.927,0.931,0.921,0.897,0.866,0.865,0.893
0.38702,67601,0.86471,0.89953,0.90535,0.00007,0.02462,0.926,0.931,0.920,0.896,0.866,0.865,0.893
0.38802,67491,0.86428,0.89893,0.90480,0.00007,0.02477,0.926,0.931,0.920,0.895,0.865,0.864,0.892
0.38902,67381,0.86371,0.89835,0.90426,0.00007,0.02492,0.925,0.930,0.919,0.894,0.864,0.864,0.892
0.39001,67271,0.86314,0.89776,0.90372,0.00007,0.02506,0.925,0.930,0.919,0.893,0.864,0.863,0.891
0.39101,67161,0.86268,0.89715,0.90317,0.00007,0.02521,0.924,0.930,0.919,0.892,0.863,0.863,0.890
0.39201,67051,0.86207,0.89655,0.90262,0.00007,0.02536,0.923,0.929,0.918,0.891,0.862,0.862,0.889
0.39301,66941,0.86147,0.89597,0.90209,0.00007,0.02551,0.923,0.929,0.918,0.890,0.861,0.862,0.889
0.39400,66831,0.86076,0.89535,0.90152,0.00007,0.02566,0.923,0.929,0.918,0.889,0.861,0.861,0.888
0.39500,66721,0.86002,0.89471,0.90095,0.00007,0.02582,0.922,0.928,0.917,0.888,0.860,0.861,0.887
0.39600,66611,0.85936,0.89409,0.90037,0.00007,0.02597,0.922,0.928,0.917,0.887,0.859,0.860,0.886
0.39700,66501,0.85866,0.89350,0.89983,0.00007,0.02612,0.921,0.928,0.917,0.886,0.859,0.859,0.886
0.39799,66391,0.85804,0.89288,0.89926,0.00007,0.02628,0.921,0.927,0.916,0.885,0.858,0.859,0.885
0.39899,66281,0.85728,0.89225,0.89869,0.00007,0.02643,0.920,0.927,0.916,0.883,0.857,0.858,0.884
0.39999,66171,0.85668,0.89163,0.89812,0.00007,0.02659,0.920,0.926,0.915,0.882,0.857,0.858,0.884
0.40099,66061,0.85587,0.89099,0.89753,0.00007,0.02675,0.919,0.926,0.915,0.881,0.856,0.857,0.883
0.40198,65951,0.85529,0.89039,0.89698,0.00007,0.02690,0.919,0.926,0.914,0.880,0.855,0.856,0.882
0.40298,65841,0.85471,0.88981,0.89645,0.00007,0.02704,0.918,0.925,0.914,0.879,0.855,0.856,0.882
0.40398,65731,0.85394,0.88916,0.89585,0.00007,0.02721,0.918,0.925,0.914,0.878,0.854,0.855,0.881
0.40498,65621,0.85318,0.88852,0.89528,0.00007,0.02736,0.917,0.925,0.913,0.877,0.853,0.855,0.880
0.40597,65511,0.85245,0.88788,0.89470,0.00007,0.02752,0.916,0.924,0.913,0.876,0.852,0.854,0.879
0.40697,65401,0.85179,0.88726,0.89413,0.00007,0.02768,0.916,0.924,0.913,0.875,0.852,0.854,0.879
0.40797,65291,0.85110,0.88663,0.89355,0.00007,0.02784,0.915,0.923,0.912,0.874,0.851,0.853,0.878
0.40897,65181,0.85031,0.88601,0.89298,0.00007,0.02799,0.915,0.923,0.912,0.873,0.850,0.852,0.877
0.40996,65071,0.84964,0.88539,0.89240,0.00007,0.02815,0.914,0.923,0.911,0.871,0.850,0.852,0.876
0.41096,64961,0.84898,0.88474,0.89181,0.00007,0.02831,0.914,0.922,0.911,0.870,0.849,0.851,0.876
0.41196,64851,0.84834,0.88410,0.89122,0.00007,0.02847,0.913,0.922,0.911,0.869,0.848,0.851,0.875
0.41296,64741,0.84768,0.88346,0.89063,0.00007,0.02864,0.913,0.921,0.910,0.868,0.848,0.850,0.875
0.41395,64631,0.84708,0.88285,0.89006,0.00007,0.02879,0.912,0.921,0.910,0.867,0.847,0.849,0.874
0.41495,64521,0.84644,0.88222,0.88946,0.00007,0.02896,0.912,0.920,0.909,0.866,0.846,0.849,0.873
0.41595,64411,0.84565,0.88157,0.88886,0.00007,0.02912,0.911,0.920,0.909,0.864,0.846,0.848,0.873
0.41695,64301,0.84488,0.88090,0.88824,0.00007,0.02929,0.911,0.919,0.908,0.863,0.845,0.848,0.872
0.41794,64191,0.84419,0.88023,0.88762,0.00007,0.02946,0.910,0.919,0.908,0.862,0.844,0.847,0.871
0.41894,64081,0.84342,0.87958,0.88701,0.00008,0.02963,0.910,0.919,0.908,0.861,0.843,0.846,0.871
0.41994,63971,0.84273,0.87892,0.88641,0.00008,0.02980,0.909,0.918,0.907,0.860,0.843,0.846,0.870
0.42094,63861,0.84196,0.87827,0.88580,0.00008,0.02997,0.909,0.918,0.907,0.859,0.842,0.845,0.869
0.42193,63751,0.84131,0.87764,0.88521,0.00008,0.03013,0.908,0.917,0.906,0.858,0.841,0.845,0.868
0.42293,63641,0.84046,0.87698,0.88458,0.00008,0.03030,0.908,0.917,0.906,0.857,0.840,0.844,0.868
0.42393,63531,0.83966,0.87631,0.88396,0.00008,0.03047,0.907,0.916,0.905,0.855,0.840,0.843,0.867
0.42492,63421,0.83892,0.87564,0.88334,0.00008,0.03064,0.907,0.916,0.905,0.854,0.839,0.843,0.867
0.42592,63311,0.83824,0.87499,0.88273,0.00008,0.03081,0.906,0.915,0.904,0.853,0.838,0.842,0.866
0.42692,63201,0.83740,0.87433,0.88211,0.00008,0.03098,0.906,0.915,0.904,0.852,0.837,0.842,0.865
0.42792,63091,0.83669,0.87367,0.88149,0.00008,0.03116,0.905,0.914,0.903,0.851,0.837,0.841,0.865
0.42891,62981,0.83598,0.87301,0.88087,0.00008,0.03133,0.904,0.914,0.903,0.849,0.836,0.840,0.864
0.42991,62871,0.83527,0.87236,0.88027,0.00008,0.03149,0.904,0.913,0.903,0.848,0.835,0.840,0.864
0.43091,62761,0.83452,0.87169,0.87966,0.00008,0.03166,0.903,0.913,0.902,0.847,0.835,0.839,0.863
0.43191,62651,0.83379,0.87101,0.87903,0.00008,0.03184,0.903,0.912,0.902,0.846,0.834,0.839,0.862
0.43290,62541,0.83288,0.87037,0.87843,0.00008,0.03200,0.902,0.912,0.901,0.845,0.833,0.838,0.861
0.43390,62431,0.83204,0.86968,0.87779,0.00008,0.03218,0.902,0.912,0.901,0.843,0.832,0.838,0.861
0.43490,62321,0.83125,0.86897,0.87713,0.00008,0.03237,0.901,0.911,0.900,0.842,0.831,0.837,0.860
0.43590,62211,0.83061,0.86831,0.87652,0.00008,0.03253,0.901,0.911,0.900,0.841,0.831,0.836,0.859
0.43689,62101,0.82981,0.86764,0.87589,0.00008,0.03271,0.900,0.910,0.899,0.840,0.830,0.836,0.859
0.43789,61991,0.82907,0.86696,0.87527,0.00008,0.03288,0.899,0.910,0.899,0.838,0.829,0.835,0.858
0.43889,61881,0.82825,0.86629,0.87463,0.00008,0.03306,0.899,0.909,0.898,0.837,0.828,0.834,0.858
0.43989,61771,0.82746,0.86562,0.87400,0.00008,0.03324,0.898,0.909,0.898,0.836,0.827,0.834,0.857
0.44088,61661,0.82679,0.86492,0.87337,0.00008,0.03341,0.898,0.908,0.897,0.835,0.827,0.833,0.856
0.44188,61551,0.82610,0.86423,0.87272,0.00008,0.03359,0.897,0.908,0.897,0.834,0.826,0.833,0.855
0.44288,61441,0.82535,0.86357,0.87210,0.00008,0.03377,0.897,0.907,0.897,0.833,0.825,0.832,0.855
0.44388,61331,0.82452,0.86289,0.87147,0.00008,0.03394,0.896,0.907,0.896,0.831,0.825,0.831,0.854
0.44487,61221,0.82366,0.86219,0.87081,0.00008,0.03413,0.896,0.906,0.896,0.830,0.824,0.831,0.853
0.44587,61111,0.82284,0.86149,0.87016,0.00008,0.03431,0.895,0.906,0.895,0.829,0.823,0.830,0.853
0.44687,61001,0.82201,0.86080,0.86950,0.00008,0.03449,0.894,0.905,0.894,0.828,0.822,0.829,0.852
0.44787,60891,0.82123,0.86011,0.86885,0.00008,0.03467,0.894,0.905,0.894,0.827,0.821,0.829,0.851
0.44886,60781,0.82037,0.85942,0.86821,0.00008,0.03486,0.893,0.905,0.893,0.826,0.820,0.828,0.851
0.44986,60671,0.81969,0.85872,0.86754,0.00008,0.03504,0.892,0.904,0.893,0.824,0.820,0.827,0.850
0.45086,60561,0.81899,0.85801,0.86687,0.00008,0.03523,0.892,0.903,0.892,0.823,0.819,0.827,0.850
0.45186,60451,0.81835,0.85733,0.86624,0.00008,0.03541,0.891,0.903,0.892,0.822,0.818,0.826,0.849
0.45285,60341,0.81743,0.85661,0.86558,0.00008,0.03559,0.891,0.903,0.891,0.821,0.817,0.825,0.848
0.45385,60231,0.81660,0.85592,0.86492,0.00008,0.03578,0.890,0.902,0.891,0.820,0.817,0.824,0.848
0.45485,60121,0.81586,0.85521,0.86426,0.00008,0.03596,0.890,0.902,0.890,0.819,0.816,0.824,0.847
0.45585,60011,0.81502,0.85453,0.86360,0.00008,0.03615,0.889,0.901,0.890,0.818,0.815,0.823,0.846
0.45684,59901,0.81422,0.85383,0.86295,0.00008,0.03633,0.888,0.901,0.889,0.816,0.814,0.822,0.846
0.45784,59791,0.81343,0.85310,0.86226,0.00008,0.03653,0.888,0.900,0.888,0.815,0.813,0.822,0.845
0.45884,59681,0.81265,0.85237,0.86158,0.00009,0.03672,0.887,0.900,0.888,0.814,0.813,0.821,0.844
0.45984,59571,0.81190,0.85168,0.86093,0.00009,0.03690,0.886,0.899,0.887,0.813,0.812,0.820,0.844
0.46083,59461,0.81124,0.85098,0.86027,0.00009,0.03709,0.886,0.899,0.887,0.812,0.811,0.820,0.843
0.46183,59351,0.81043,0.85027,0.85963,0.00009,0.03727,0.885,0.898,0.886,0.810,0.810,0.819,0.842
0.46283,59241,0.80929,0.84956,0.85895,0.00009,0.03746,0.885,0.898,0.886,0.809,0.810,0.818,0.842
0.46382,59131,0.80808,0.84884,0.85827,0.00009,0.03766,0.884,0.897,0.885,0.808,0.809,0.818,0.841
0.46482,59021,0.80697,0.84812,0.85758,0.00009,0.03785,0.883,0.897,0.885,0.807,0.808,0.817,0.840
0.46582,58911,0.80580,0.84740,0.85691,0.00009,0.03804,0.883,0.896,0.884,0.806,0.807,0.816,0.840
0.46682,58801,0.80448,0.84667,0.85624,0.00009,0.03823,0.882,0.896,0.884,0.804,0.806,0.816,0.839
0.46781,58691,0.80349,0.84597,0.85557,0.00009,0.03842,0.881,0.895,0.883,0.803,0.805,0.815,0.838
0.46881,58581,0.80239,0.84525,0.85488,0.00009,0.03861,0.881,0.895,0.883,0.802,0.805,0.814,0.837
0.46981,58471,0.80126,0.84451,0.85418,0.00009,0.03881,0.880,0.894,0.882,0.801,0.804,0.814,0.837
0.47081,58361,0.80018,0.84379,0.85350,0.00009,0.03901,0.880,0.894,0.881,0.800,0.803,0.813,0.836
0.47180,58251,0.79900,0.84304,0.85280,0.00009,0.03921,0.879,0.893,0.881,0.799,0.802,0.812,0.835
0.47280,58141,0.79784,0.84231,0.85211,0.00009,0.03940,0.878,0.893,0.880,0.798,0.801,0.811,0.834
0.47380,58031,0.79659,0.84158,0.85144,0.00009,0.03959,0.878,0.892,0.880,0.797,0.801,0.811,0.834
0.47480,57921,0.79539,0.84087,0.85077,0.00009,0.03978,0.877,0.892,0.879,0.795,0.800,0.810,0.833
0.47579,57811,0.79421,0.84012,0.85007,0.00009,0.03998,0.876,0.891,0.879,0.794,0.799,0.809,0.832
0.47679,57701,0.79320,0.83938,0.84934,0.00009,0.04019,0.876,0.891,0.878,0.793,0.798,0.809,0.832
0.47779,57591,0.79190,0.83867,0.84868,0.00009,0.04038,0.875,0.890,0.877,0.792,0.797,0.808,0.831
0.47879,57481,0.79087,0.83794,0.84798,0.00009,0.04058,0.874,0.890,0.877,0.791,0.797,0.807,0.830
0.47978,57371,0.78988,0.83721,0.84729,0.00009,0.04078,0.874,0.889,0.876,0.790,0.796,0.807,0.829
0.48078,57261,0.78881,0.83646,0.84656,0.00009,0.04098,0.873,0.888,0.875,0.789,0.795,0.806,0.829
0.48178,57151,0.78761,0.83570,0.84583,0.00009,0.04119,0.873,0.888,0.875,0.788,0.794,0.806,0.828
0.48278,57041,0.78635,0.83494,0.84510,0.00009,0.04140,0.872,0.887,0.874,0.786,0.793,0.805,0.827
0.48377,56931,0.78543,0.83418,0.84436,0.00009,0.04161,0.871,0.886,0.874,0.785,0.792,0.804,0.826
0.48477,56821,0.78406,0.83345,0.84367,0.00009,0.04181,0.871,0.886,0.873,0.784,0.791,0.804,0.825
0.48577,56711,0.78298,0.83270,0.84296,0.00009,0.04201,0.870,0.885,0.872,0.783,0.791,0.803,0.825
0.48677,56601,0.78197,0.83195,0.84223,0.00009,0.04222,0.869,0.885,0.872,0.782,0.790,0.802,0.824
0.48776,56491,0.78106,0.83123,0.84154,0.00009,0.04242,0.869,0.884,0.871,0.781,0.789,0.802,0.823
0.48876,56381,0.77991,0.83045,0.84082,0.00009,0.04263,0.868,0.884,0.870,0.780,0.788,0.801,0.822
0.48976,56271,0.77887,0.82972,0.84013,0.00009,0.04283,0.867,0.883,0.870,0.779,0.787,0.800,0.822
0.49076,56161,0.77760,0.82895,0.83938,0.00009,0.04304,0.867,0.883,0.869,0.778,0.786,0.799,0.821
0.49175,56051,0.77675,0.82819,0.83862,0.00009,0.04326,0.866,0.882,0.868,0.777,0.785,0.799,0.820
0.49275,55941,0.77577,0.82744,0.83789,0.00009,0.04347,0.865,0.881,0.868,0.776,0.785,0.798,0.819
0.49375,55831,0.77471,0.82665,0.83713,0.00009,0.04369,0.865,0.881,0.867,0.775,0.784,0.797,0.819
0.49475,55721,0.77365,0.82588,0.83639,0.00009,0.04390,0.864,0.880,0.866,0.774,0.783,0.796,0.818
0.49574,55611,0.77251,0.82512,0.83568,0.00009,0.04411,0.863,0.880,0.866,0.773,0.782,0.795,0.817
0.49674,55501,0.77143,0.82436,0.83494,0.00009,0.04432,0.863,0.879,0.865,0.771,0.781,0.795,0.816
0.49774,55391,0.77023,0.82358,0.83421,0.00010,0.04453,0.862,0.878,0.864,0.770,0.781,0.794,0.815
0.49874,55281,0.76932,0.82280,0.83344,0.00010,0.04475,0.862,0.878,0.864,0.769,0.780,0.793,0.815
0.49973,55171,0.76799,0.82201,0.83268,0.00010,0.04497,0.861,0.877,0.863,0.768,0.779,0.793,0.814
0.50073,55061,0.76697,0.82125,0.83195,0.00010,0.04518,0.860,0.877,0.862,0.767,0.778,0.792,0.813
0.50173,54951,0.76589,0.82048,0.83121,0.00010,0.04540,0.860,0.876,0.862,0.766,0.777,0.791,0.812
0.50272,54841,0.76477,0.81973,0.83048,0.00010,0.04561,0.859,0.875,0.861,0.765,0.776,0.790,0.811
0.50372,54731,0.76357,0.81892,0.82971,0.00010,0.04583,0.858,0.875,0.860,0.764,0.776,0.789,0.811
0.50472,54621,0.76264,0.81816,0.82897,0.00010,0.04605,0.858,0.874,0.860,0.763,0.775,0.789,0.810
0.50572,54511,0.76156,0.81737,0.82821,0.00010,0.04627,0.857,0.873,0.859,0.762,0.774,0.788,0.809
0.50671,54401,0.76049,0.81658,0.82745,0.00010,0.04649,0.856,0.873,0.858,0.760,0.773,0.787,0.808
0.50771,54291,0.75927,0.81579,0.82669,0.00010,0.04671,0.856,0.872,0.857,0.759,0.772,0.786,0.808
0.50871,54181,0.75817,0.81498,0.82591,0.00010,0.04694,0.855,0.872,0.857,0.758,0.771,0.786,0.807
0.50971,54071,0.75684,0.81420,0.82515,0.00010,0.04716,0.854,0.871,0.856,0.757,0.770,0.785,0.806
0.51070,53961,0.75587,0.81338,0.82435,0.00010,0.04739,0.854,0.870,0.855,0.756,0.769,0.784,0.805
0.51170,53851,0.75466,0.81259,0.82360,0.00010,0.04761,0.853,0.870,0.855,0.755,0.768,0.783,0.804
0.51270,53741,0.75315,0.81178,0.82285,0.00010,0.04783,0.852,0.869,0.854,0.753,0.768,0.783,0.804
0.51370,53631,0.75198,0.81101,0.82209,0.00010,0.04805,0.852,0.868,0.853,0.752,0.767,0.782,0.803
0.51469,53521,0.75068,0.81023,0.82136,0.00010,0.04826,0.851,0.868,0.853,0.751,0.766,0.781,0.802
0.51569,53411,0.74960,0.80944,0.82059,0.00010,0.04849,0.850,0.867,0.852,0.750,0.765,0.780,0.801
0.51669,53301,0.74839,0.80865,0.81983,0.00010,0.04871,0.850,0.867,0.851,0.748,0.764,0.779,0.801
0.51769,53191,0.74710,0.80788,0.81910,0.00010,0.04893,0.849,0.866,0.851,0.747,0.764,0.779,0.800
0.51868,53081,0.74583,0.80713,0.81837,0.00010,0.04914,0.848,0.866,0.850,0.746,0.763,0.778,0.799
0.51968,52971,0.74445,0.80634,0.81762,0.00010,0.04936,0.848,0.865,0.849,0.744,0.762,0.777,0.799
0.52068,52861,0.74319,0.80556,0.81687,0.00010,0.04958,0.847,0.864,0.849,0.743,0.761,0.777,0.798
0.52168,52751,0.74208,0.80477,0.81610,0.00010,0.04981,0.847,0.864,0.848,0.742,0.761,0.776,0.797
0.52267,52641,0.74083,0.80398,0.81535,0.00010,0.05003,0.846,0.863,0.847,0.741,0.760,0.775,0.796
0.52367,52531,0.73945,0.80315,0.81456,0.00010,0.05026,0.845,0.863,0.846,0.739,0.759,0.774,0.795
0.52467,52421,0.73823,0.80235,0.81380,0.00010,0.05049,0.845,0.862,0.846,0.738,0.758,0.773,0.794
0.52567,52311,0.73716,0.80156,0.81305,0.00010,0.05071,0.844,0.861,0.845,0.737,0.757,0.772,0.794
0.52666,52201,0.73606,0.80075,0.81227,0.00010,0.05094,0.843,0.861,0.844,0.736,0.756,0.771,0.793
0.52766,52091,0.73477,0.79993,0.81147,0.00010,0.05117,0.843,0.860,0.843,0.735,0.755,0.771,0.792
0.52866,51981,0.73349,0.79911,0.81069,0.00010,0.05141,0.842,0.860,0.843,0.733,0.754,0.770,0.792
0.52966,51871,0.73228,0.79827,0.80987,0.00010,0.05165,0.841,0.859,0.842,0.732,0.753,0.769,0.791
0.53065,51761,0.73116,0.79743,0.80907,0.00010,0.05188,0.840,0.858,0.841,0.731,0.752,0.768,0.790
0.53165,51651,0.72994,0.79658,0.80826,0.00010,0.05212,0.840,0.858,0.840,0.730,0.752,0.767,0.789
0.53265,51541,0.72867,0.79577,0.80748,0.00010,0.05236,0.839,0.857,0.840,0.729,0.751,0.767,0.789
0.53365,51431,0.72757,0.79496,0.80670,0.00010,0.05259,0.838,0.857,0.839,0.728,0.750,0.766,0.788
0.53464,51321,0.72642,0.79417,0.80596,0.00010,0.05281,0.837,0.856,0.838,0.726,0.749,0.765,0.787
0.53564,51211,0.72509,0.79333,0.80515,0.00011,0.05305,0.837,0.855,0.838,0.725,0.748,0.764,0.786
0.53664,51101,0.72403,0.79250,0.80435,0.00011,0.05328,0.836,0.855,0.837,0.724,0.747,0.763,0.786
0.53763,50991,0.72284,0.79169,0.80356,0.00011,0.05352,0.835,0.854,0.836,0.723,0.746,0.762,0.785
0.53863,50881,0.72177,0.79084,0.80275,0.00011,0.05376,0.835,0.854,0.835,0.722,0.745,0.761,0.784
0.53963,50771,0.72071,0.78998,0.80193,0.00011,0.05401,0.834,0.853,0.834,0.721,0.745,0.760,0.783
0.54063,50661,0.71951,0.78916,0.80112,0.00011,0.05425,0.833,0.853,0.833,0.720,0.744,0.759,0.782
0.54162,50551,0.71828,0.78833,0.80033,0.00011,0.05448,0.832,0.852,0.833,0.718,0.743,0.758,0.782
0.54262,50441,0.71712,0.78749,0.79951,0.00011,0.05473,0.832,0.851,0.832,0.717,0.742,0.757,0.781
0.54362,50331,0.71583,0.78662,0.79868,0.00011,0.05498,0.831,0.851,0.831,0.716,0.741,0.757,0.780
0.54462,50221,0.71466,0.78581,0.79790,0.00011,0.05521,0.830,0.850,0.830,0.715,0.740,0.756,0.780
0.54561,50111,0.71354,0.78493,0.79706,0.00011,0.05546,0.830,0.850,0.829,0.714,0.739,0.755,0.779
0.54661,50001,0.71256,0.78409,0.79624,0.00011,0.05571,0.829,0.849,0.829,0.713,0.738,0.754,0.778
0.54761,49891,0.71146,0.78323,0.79544,0.00011,0.05595,0.828,0.848,0.828,0.711,0.737,0.753,0.777
0.54861,49781,0.71017,0.78238,0.79462,0.00011,0.05619,0.827,0.848,0.827,0.710,0.736,0.752,0.776
0.54960,49671,0.70913,0.78151,0.79378,0.00011,0.05645,0.826,0.847,0.826,0.709,0.735,0.751,0.775
0.55060,49561,0.70770,0.78065,0.79297,0.00011,0.05669,0.826,0.847,0.826,0.708,0.734,0.750,0.775
0.55160,49451,0.70674,0.77975,0.79209,0.00011,0.05695,0.824,0.846,0.825,0.707,0.733,0.749,0.774
0.55260,49341,0.70548,0.77889,0.79124,0.00011,0.05721,0.824,0.845,0.824,0.705,0.733,0.748,0.773
0.55359,49231,0.70427,0.77804,0.79044,0.00011,0.05745,0.823,0.845,0.823,0.704,0.731,0.748,0.772
0.55459,49121,0.70314,0.77715,0.78957,0.00011,0.05771,0.822,0.844,0.822,0.703,0.730,0.747,0.771
0.55559,49011,0.70187,0.77628,0.78875,0.00011,0.05796,0.821,0.843,0.821,0.702,0.729,0.746,0.770
0.55659,48901,0.70068,0.77545,0.78794,0.00011,0.05821,0.821,0.843,0.821,0.701,0.729,0.745,0.770
0.55758,48791,0.69964,0.77457,0.78710,0.00011,0.05846,0.820,0.842,0.820,0.700,0.728,0.744,0.769
0.55858,48681,0.69844,0.77369,0.78625,0.00011,0.05872,0.819,0.841,0.819,0.698,0.727,0.743,0.768
0.55958,48571,0.69719,0.77279,0.78540,0.00011,0.05897,0.819,0.841,0.818,0.697,0.726,0.742,0.767
0.56058,48461,0.69592,0.77189,0.78454,0.00011,0.05924,0.818,0.840,0.817,0.696,0.725,0.741,0.766
0.56157,48351,0.69479,0.77099,0.78368,0.00011,0.05950,0.817,0.840,0.817,0.695,0.724,0.740,0.765
0.56257,48241,0.69362,0.77009,0.78282,0.00011,0.05976,0.816,0.839,0.816,0.694,0.722,0.740,0.764
0.56357,48131,0.69253,0.76920,0.78196,0.00011,0.06002,0.815,0.838,0.815,0.693,0.721,0.739,0.764
0.56457,48021,0.69165,0.76829,0.78106,0.00011,0.06029,0.814,0.838,0.814,0.692,0.720,0.737,0.763
0.56556,47911,0.69026,0.76739,0.78021,0.00011,0.06055,0.813,0.837,0.813,0.690,0.719,0.736,0.762
0.56656,47801,0.68911,0.76649,0.77933,0.00011,0.06082,0.813,0.836,0.812,0.689,0.718,0.736,0.761
0.56756,47691,0.68810,0.76562,0.77848,0.00011,0.06108,0.812,0.836,0.811,0.688,0.718,0.735,0.760
0.56856,47581,0.68686,0.76469,0.77760,0.00011,0.06135,0.811,0.835,0.811,0.687,0.716,0.734,0.760
0.56955,47471,0.68570,0.76377,0.77670,0.00011,0.06162,0.810,0.834,0.810,0.686,0.715,0.733,0.759
0.57055,47361,0.68455,0.76288,0.77585,0.00011,0.06188,0.809,0.834,0.809,0.685,0.714,0.732,0.758
0.57155,47251,0.68350,0.76193,0.77492,0.00012,0.06216,0.808,0.833,0.808,0.683,0.713,0.731,0.757
0.57255,47141,0.68228,0.76100,0.77402,0.00012,0.06244,0.807,0.832,0.807,0.682,0.712,0.730,0.756
0.57354,47031,0.68125,0.76008,0.77313,0.00012,0.06271,0.806,0.832,0.806,0.681,0.711,0.729,0.756
0.57454,46921,0.68003,0.75917,0.77225,0.00012,0.06298,0.805,0.831,0.805,0.680,0.710,0.728,0.755
0.57554,46811,0.67890,0.75818,0.77131,0.00012,0.06327,0.804,0.830,0.804,0.679,0.709,0.727,0.754
0.57653,46701,0.67774,0.75721,0.77040,0.00012,0.06355,0.803,0.830,0.804,0.678,0.708,0.726,0.752
0.57753,46591,0.67660,0.75626,0.76949,0.00012,0.06383,0.802,0.829,0.803,0.677,0.707,0.725,0.752
0.57853,46481,0.67550,0.75534,0.76860,0.00012,0.06411,0.801,0.828,0.802,0.676,0.706,0.724,0.751
0.57953,46371,0.67446,0.75441,0.76769,0.00012,0.06438,0.800,0.828,0.801,0.674,0.704,0.723,0.750
0.58052,46261,0.67351,0.75345,0.76678,0.00012,0.06467,0.799,0.827,0.800,0.674,0.703,0.722,0.749
0.58152,46151,0.67249,0.75248,0.76584,0.00012,0.06495,0.798,0.826,0.799,0.672,0.702,0.721,0.748
0.58252,46041,0.67121,0.75151,0.76494,0.00012,0.06523,0.797,0.826,0.798,0.671,0.701,0.720,0.747
0.58352,45931,0.67000,0.75054,0.76400,0.00012,0.06552,0.796,0.825,0.797,0.670,0.700,0.719,0.746
0.58451,45821,0.66880,0.74955,0.76305,0.00012,0.06582,0.795,0.824,0.796,0.669,0.699,0.718,0.745
0.58551,45711,0.66756,0.74857,0.76211,0.00012,0.06611,0.794,0.823,0.796,0.668,0.698,0.717,0.744
0.58651,45601,0.66652,0.74762,0.76118,0.00012,0.06640,0.793,0.823,0.795,0.667,0.697,0.716,0.743
0.58751,45491,0.66561,0.74663,0.76022,0.00012,0.06669,0.792,0.822,0.794,0.666,0.696,0.715,0.742
0.58850,45381,0.66428,0.74565,0.75929,0.00012,0.06698,0.791,0.821,0.793,0.664,0.694,0.714,0.741
0.58950,45271,0.66315,0.74467,0.75834,0.00012,0.06728,0.790,0.821,0.792,0.663,0.693,0.713,0.740
0.59050,45161,0.66188,0.74372,0.75745,0.00012,0.06756,0.789,0.820,0.791,0.662,0.692,0.712,0.739
0.59150,45051,0.66077,0.74268,0.75644,0.00012,0.06787,0.788,0.819,0.790,0.661,0.691,0.711,0.738
0.59249,44941,0.65961,0.74166,0.75546,0.00012,0.06818,0.787,0.818,0.789,0.660,0.690,0.711,0.738
0.59349,44831,0.65849,0.74072,0.75457,0.00012,0.06845,0.786,0.818,0.788,0.658,0.689,0.709,0.737
0.59449,44721,0.65725,0.73969,0.75359,0.00012,0.06876,0.785,0.817,0.787,0.657,0.687,0.708,0.736
0.59549,44611,0.65624,0.73863,0.75255,0.00012,0.06908,0.783,0.816,0.786,0.656,0.686,0.707,0.735
0.59648,44501,0.65509,0.73762,0.75156,0.00012,0.06939,0.782,0.815,0.785,0.655,0.685,0.706,0.734
0.59748,44391,0.65386,0.73662,0.75060,0.00012,0.06970,0.781,0.815,0.784,0.654,0.684,0.705,0.733
0.59848,44281,0.65269,0.73560,0.74962,0.00012,0.07000,0.780,0.814,0.784,0.653,0.683,0.704,0.732
0.59948,44171,0.65169,0.73461,0.74867,0.00012,0.07030,0.779,0.813,0.783,0.652,0.682,0.703,0.731
0.60047,44061,0.65027,0.73358,0.74769,0.00012,0.07061,0.778,0.812,0.782,0.650,0.680,0.702,0.730
0.60147,43951,0.64912,0.73252,0.74668,0.00012,0.07093,0.777,0.812,0.781,0.649,0.679,0.701,0.729
0.60247,43841,0.64810,0.73152,0.74571,0.00013,0.07123,0.776,0.811,0.780,0.648,0.678,0.700,0.729
0.60347,43731,0.64688,0.73050,0.74473,0.00013,0.07154,0.775,0.810,0.779,0.647,0.676,0.699,0.728
0.60446,43621,0.64563,0.72943,0.74370,0.00013,0.07187,0.773,0.809,0.778,0.646,0.675,0.698,0.727
0.60546,43511,0.64431,0.72840,0.74270,0.00013,0.07218,0.772,0.809,0.777,0.644,0.674,0.697,0.726
0.60646,43401,0.64324,0.72736,0.74169,0.00013,0.07250,0.771,0.808,0.776,0.643,0.673,0.696,0.725
0.60746,43291,0.64205,0.72631,0.74069,0.00013,0.07282,0.770,0.807,0.775,0.642,0.671,0.695,0.724
0.60845,43181,0.64094,0.72530,0.73971,0.00013,0.07313,0.769,0.806,0.774,0.641,0.670,0.694,0.723
0.60945,43071,0.63980,0.72420,0.73865,0.00013,0.07346,0.767,0.805,0.773,0.640,0.669,0.693,0.722
0.61045,42961,0.63852,0.72311,0.73762,0.00013,0.07379,0.766,0.805,0.772,0.639,0.667,0.692,0.721
0.61145,42851,0.63729,0.72209,0.73663,0.00013,0.07411,0.765,0.804,0.771,0.637,0.666,0.691,0.720
0.61244,42741,0.63619,0.72101,0.73561,0.00013,0.07443,0.764,0.803,0.770,0.636,0.665,0.690,0.719
0.61344,42631,0.63478,0.71993,0.73458,0.00013,0.07476,0.762,0.802,0.769,0.635,0.663,0.689,0.718
0.61444,42521,0.63376,0.71887,0.73353,0.00013,0.07509,0.761,0.802,0.768,0.634,0.662,0.688,0.717
0.61543,42411,0.63257,0.71779,0.73249,0.00013,0.07543,0.760,0.801,0.767,0.633,0.661,0.687,0.716
0.61643,42301,0.63135,0.71672,0.73148,0.00013,0.07575,0.759,0.800,0.766,0.631,0.660,0.685,0.716
0.61743,42191,0.63016,0.71564,0.73043,0.00013,0.07609,0.758,0.799,0.765,0.630,0.658,0.684,0.715
0.61843,42081,0.62889,0.71457,0.72941,0.00013,0.07641,0.757,0.799,0.764,0.629,0.657,0.683,0.714
0.61942,41971,0.62782,0.71348,0.72836,0.00013,0.07675,0.755,0.798,0.763,0.628,0.656,0.682,0.713
0.62042,41861,0.62662,0.71242,0.72733,0.00013,0.07708,0.754,0.797,0.762,0.627,0.654,0.681,0.712
0.62142,41751,0.62531,0.71138,0.72632,0.00013,0.07741,0.753,0.796,0.761,0.625,0.653,0.680,0.711
0.62242,41641,0.62425,0.71025,0.72525,0.00013,0.07775,0.751,0.795,0.760,0.624,0.652,0.679,0.710
0.62341,41531,0.62306,0.70913,0.72416,0.00013,0.07810,0.750,0.795,0.759,0.623,0.650,0.678,0.709
0.62441,41421,0.62178,0.70805,0.72313,0.00013,0.07843,0.749,0.794,0.758,0.622,0.649,0.677,0.708
0.62541,41311,0.62065,0.70690,0.72204,0.00013,0.07878,0.747,0.793,0.757,0.621,0.648,0.675,0.707
0.62641,41201,0.61954,0.70579,0.72098,0.00013,0.07913,0.746,0.792,0.756,0.620,0.646,0.675,0.706
0.62740,41091,0.61857,0.70470,0.71996,0.00013,0.07946,0.745,0.792,0.755,0.619,0.645,0.673,0.704
0.62840,40981,0.61735,0.70359,0.71891,0.00013,0.07980,0.744,0.791,0.754,0.617,0.644,0.672,0.703
0.62940,40871,0.61608,0.70247,0.71783,0.00013,0.08015,0.743,0.790,0.753,0.616,0.642,0.671,0.702
0.63040,40761,0.61471,0.70139,0.71681,0.00014,0.08048,0.741,0.789,0.752,0.615,0.641,0.670,0.701
0.63139,40651,0.61360,0.70026,0.71573,0.00014,0.08083,0.740,0.788,0.751,0.614,0.639,0.669,0.700
0.63239,40541,0.61236,0.69917,0.71469,0.00014,0.08117,0.738,0.788,0.750,0.612,0.638,0.668,0.699
0.63339,40431,0.61115,0.69802,0.71360,0.00014,0.08153,0.737,0.787,0.749,0.611,0.637,0.667,0.698
0.63439,40321,0.60994,0.69690,0.71254,0.00014,0.08187,0.736,0.786,0.748,0.610,0.635,0.666,0.697
0.63538,40211,0.60861,0.69576,0.71147,0.00014,0.08223,0.735,0.785,0.747,0.609,0.634,0.665,0.696
0.63638,40101,0.60734,0.69463,0.71039,0.00014,0.08258,0.733,0.785,0.746,0.607,0.632,0.664,0.695
0.63738,39991,0.60637,0.69351,0.70931,0.00014,0.08293,0.732,0.784,0.745,0.606,0.631,0.662,0.694
0.63838,39881,0.60501,0.69237,0.70827,0.00014,0.08327,0.730,0.783,0.745,0.605,0.630,0.661,0.692
0.63937,39771,0.60382,0.69124,0.70719,0.00014,0.08363,0.729,0.782,0.744,0.604,0.628,0.660,0.691
0.64037,39661,0.60273,0.69009,0.70608,0.00014,0.08399,0.727,0.782,0.742,0.603,0.627,0.659,0.690
0.64137,39551,0.60150,0.68895,0.70498,0.00014,0.08435,0.726,0.781,0.741,0.601,0.626,0.658,0.689
0.64237,39441,0.60061,0.68782,0.70390,0.00014,0.08471,0.725,0.780,0.740,0.601,0.624,0.657,0.688
0.64336,39331,0.59945,0.68667,0.70278,0.00014,0.08508,0.724,0.779,0.739,0.599,0.623,0.655,0.687
0.64436,39221,0.59818,0.68546,0.70166,0.00014,0.08545,0.722,0.778,0.738,0.598,0.621,0.654,0.686
0.64536,39111,0.59689,0.68428,0.70054,0.00014,0.08582,0.720,0.778,0.737,0.597,0.620,0.653,0.684
0.64636,39001,0.59578,0.68306,0.69937,0.00014,0.08621,0.719,0.777,0.736,0.596,0.619,0.652,0.683
0.64735,38891,0.59477,0.68187,0.69824,0.00014,0.08658,0.718,0.776,0.735,0.595,0.617,0.651,0.682
0.64835,38781,0.59346,0.68070,0.69714,0.00014,0.08695,0.716,0.775,0.734,0.593,0.616,0.650,0.680
0.64935,38671,0.59248,0.67955,0.69604,0.00014,0.08731,0.715,0.774,0.733,0.592,0.614,0.649,0.679
0.65035,38561,0.59135,0.67841,0.69495,0.00014,0.08768,0.714,0.773,0.732,0.591,0.613,0.647,0.678
0.65134,38451,0.59023,0.67720,0.69380,0.00014,0.08806,0.712,0.773,0.731,0.590,0.611,0.646,0.677
0.65234,38341,0.58899,0.67597,0.69265,0.00014,0.08845,0.710,0.772,0.730,0.589,0.610,0.645,0.675
0.65334,38231,0.58775,0.67482,0.69158,0.00014,0.08880,0.709,0.771,0.729,0.588,0.609,0.644,0.674
0.65433,38121,0.58655,0.67362,0.69044,0.00014,0.08919,0.708,0.770,0.728,0.587,0.607,0.643,0.673
0.65533,38011,0.58549,0.67243,0.68931,0.00014,0.08957,0.706,0.770,0.727,0.585,0.605,0.641,0.672
0.65633,37901,0.58444,0.67119,0.68814,0.00015,0.08996,0.704,0.769,0.726,0.584,0.604,0.640,0.671
0.65733,37791,0.58321,0.66997,0.68698,0.00015,0.09035,0.703,0.768,0.725,0.583,0.602,0.639,0.669
0.65832,37681,0.58208,0.66874,0.68578,0.00015,0.09075,0.702,0.767,0.724,0.582,0.601,0.638,0.668
0.65932,37571,0.58080,0.66754,0.68465,0.00015,0.09113,0.700,0.766,0.723,0.581,0.600,0.636,0.667
0.66032,37461,0.57969,0.66627,0.68344,0.00015,0.09154,0.698,0.765,0.722,0.580,0.598,0.635,0.665
0.66132,37351,0.57851,0.66507,0.68229,0.00015,0.09193,0.697,0.764,0.721,0.579,0.597,0.634,0.664
0.66231,37241,0.57736,0.66383,0.68113,0.00015,0.09232,0.695,0.764,0.720,0.577,0.595,0.633,0.663
0.66331,37131,0.57600,0.66262,0.68000,0.00015,0.09270,0.694,0.763,0.719,0.576,0.594,0.631,0.662
0.66431,37021,0.57490,0.66131,0.67877,0.00015,0.09312,0.692,0.762,0.718,0.575,0.592,0.630,0.660
0.66531,36911,0.57383,0.66013,0.67764,0.00015,0.09351,0.691,0.761,0.717,0.574,0.591,0.629,0.659
0.66630,36801,0.57272,0.65889,0.67644,0.00015,0.09391,0.689,0.760,0.716,0.573,0.589,0.627,0.657
0.66730,36691,0.57164,0.65763,0.67523,0.00015,0.09432,0.688,0.759,0.714,0.572,0.588,0.626,0.656
0.66830,36581,0.57047,0.65640,0.67406,0.00015,0.09472,0.686,0.758,0.713,0.570,0.586,0.625,0.655
0.66930,36471,0.56899,0.65511,0.67290,0.00015,0.09512,0.685,0.758,0.712,0.569,0.585,0.624,0.653
0.67029,36361,0.56792,0.65384,0.67164,0.00015,0.09555,0.683,0.757,0.711,0.568,0.583,0.623,0.652
0.67129,36251,0.56674,0.65259,0.67048,0.00015,0.09595,0.682,0.756,0.710,0.567,0.581,0.622,0.650
0.67229,36141,0.56570,0.65138,0.66933,0.00015,0.09635,0.680,0.755,0.709,0.566,0.580,0.620,0.649
0.67329,36031,0.56452,0.65012,0.66812,0.00015,0.09676,0.679,0.754,0.708,0.565,0.578,0.619,0.647
0.67428,35921,0.56331,0.64883,0.66691,0.00015,0.09718,0.677,0.753,0.707,0.563,0.577,0.618,0.646
0.67528,35811,0.56216,0.64760,0.66574,0.00015,0.09758,0.676,0.752,0.706,0.562,0.575,0.617,0.645
0.67628,35701,0.56072,0.64631,0.66454,0.00015,0.09800,0.674,0.752,0.705,0.561,0.574,0.616,0.643
0.67728,35591,0.55967,0.64508,0.66339,0.00015,0.09839,0.673,0.751,0.704,0.560,0.572,0.614,0.642
0.67827,35481,0.55847,0.64379,0.66214,0.00015,0.09883,0.671,0.750,0.703,0.558,0.571,0.613,0.640
0.67927,35371,0.55723,0.64252,0.66094,0.00015,0.09924,0.670,0.749,0.702,0.557,0.569,0.612,0.639
0.68027,35261,0.55596,0.64125,0.65971,0.00016,0.09967,0.668,0.748,0.701,0.556,0.567,0.611,0.638
0.68127,35151,0.55471,0.63994,0.65845,0.00016,0.10011,0.667,0.747,0.700,0.555,0.566,0.610,0.636
0.68226,35041,0.55336,0.63863,0.65724,0.00016,0.10053,0.665,0.746,0.699,0.553,0.564,0.609,0.634
0.68326,34931,0.55227,0.63732,0.65596,0.00016,0.10097,0.664,0.745,0.697,0.552,0.562,0.608,0.633
0.68426,34821,0.55088,0.63608,0.65480,0.00016,0.10138,0.663,0.744,0.696,0.551,0.561,0.606,0.632
0.68526,34711,0.54973,0.63477,0.65354,0.00016,0.10182,0.661,0.743,0.695,0.550,0.559,0.605,0.630
0.68625,34601,0.54833,0.63340,0.65225,0.00016,0.10227,0.659,0.742,0.694,0.548,0.558,0.604,0.628
0.68725,34491,0.54701,0.63211,0.65104,0.00016,0.10270,0.658,0.742,0.693,0.547,0.556,0.602,0.627
0.68825,34381,0.54607,0.63081,0.64980,0.00016,0.10314,0.657,0.741,0.692,0.546,0.554,0.601,0.625
0.68924,34271,0.54447,0.62950,0.64855,0.00016,0.10358,0.655,0.740,0.691,0.544,0.553,0.600,0.624
0.69024,34161,0.54353,0.62817,0.64727,0.00016,0.10403,0.653,0.739,0.690,0.544,0.551,0.599,0.622
0.69124,34051,0.54232,0.62687,0.64597,0.00016,0.10448,0.652,0.737,0.688,0.542,0.550,0.597,0.621
0.69224,33941,0.54105,0.62551,0.64473,0.00016,0.10492,0.650,0.737,0.687,0.541,0.548,0.596,0.620
0.69323,33831,0.53960,0.62421,0.64351,0.00016,0.10536,0.648,0.736,0.686,0.540,0.546,0.595,0.619
0.69423,33721,0.53816,0.62290,0.64226,0.00016,0.10580,0.647,0.735,0.685,0.538,0.544,0.594,0.617
0.69523,33611,0.53708,0.62158,0.64103,0.00016,0.10624,0.646,0.734,0.684,0.537,0.543,0.592,0.615
0.69623,33501,0.53598,0.62021,0.63971,0.00016,0.10671,0.644,0.733,0.683,0.536,0.541,0.591,0.613
0.69722,33391,0.53430,0.61890,0.63852,0.00016,0.10714,0.643,0.732,0.682,0.534,0.539,0.590,0.612
0.69822,33281,0.53307,0.61757,0.63727,0.00016,0.10759,0.641,0.732,0.681,0.533,0.538,0.589,0.610
0.69922,33171,0.53185,0.61623,0.63599,0.00016,0.10805,0.640,0.731,0.680,0.532,0.536,0.587,0.609
0.70022,33061,0.53071,0.61491,0.63472,0.00016,0.10850,0.638,0.730,0.678,0.531,0.534,0.586,0.608
0.70121,32951,0.52976,0.61354,0.63341,0.00016,0.10897,0.637,0.729,0.677,0.530,0.532,0.585,0.605
0.70221,32841,0.52857,0.61218,0.63213,0.00017,0.10943,0.635,0.728,0.676,0.529,0.530,0.584,0.604
0.70321,32731,0.52774,0.61081,0.63079,0.00017,0.10991,0.634,0.727,0.675,0.528,0.528,0.582,0.602
0.70421,32621,0.52642,0.60940,0.62942,0.00017,0.11040,0.633,0.726,0.673,0.527,0.526,0.581,0.600
0.70520,32511,0.52456,0.60802,0.62814,0.00017,0.11087,0.631,0.725,0.672,0.526,0.525,0.580,0.598
0.70620,32401,0.52304,0.60660,0.62674,0.00017,0.11137,0.629,0.724,0.671,0.525,0.523,0.579,0.596
0.70720,32291,0.52073,0.60518,0.62538,0.00017,0.11186,0.628,0.723,0.670,0.524,0.521,0.577,0.594
0.70820,32181,0.51914,0.60372,0.62395,0.00017,0.11238,0.626,0.721,0.668,0.523,0.519,0.576,0.593
0.70919,32071,0.51678,0.60235,0.62261,0.00017,0.11287,0.625,0.720,0.667,0.522,0.517,0.575,0.591
0.71019,31961,0.51497,0.60088,0.62123,0.00017,0.11337,0.623,0.719,0.665,0.520,0.515,0.574,0.589
0.71119,31851,0.51294,0.59934,0.61975,0.00017,0.11391,0.622,0.718,0.664,0.519,0.513,0.573,0.586
0.71219,31741,0.51132,0.59789,0.61839,0.00017,0.11441,0.620,0.717,0.663,0.518,0.511,0.571,0.584
0.71318,31631,0.50957,0.59645,0.61699,0.00017,0.11492,0.618,0.716,0.662,0.517,0.510,0.570,0.583
0.71418,31521,0.50776,0.59502,0.61561,0.00017,0.11542,0.617,0.715,0.660,0.516,0.508,0.569,0.581
0.71518,31411,0.50611,0.59355,0.61419,0.00017,0.11594,0.615,0.714,0.659,0.515,0.506,0.567,0.579
0.71618,31301,0.50360,0.59202,0.61275,0.00017,0.11648,0.614,0.713,0.657,0.514,0.504,0.566,0.576
0.71717,31191,0.50257,0.59056,0.61135,0.00017,0.11699,0.611,0.712,0.656,0.512,0.503,0.565,0.575
0.71817,31081,0.49978,0.58904,0.60990,0.00017,0.11753,0.610,0.711,0.655,0.511,0.500,0.564,0.572
0.71917,30971,0.49853,0.58754,0.60846,0.00017,0.11806,0.608,0.710,0.653,0.510,0.499,0.562,0.570
0.72017,30861,0.49638,0.58603,0.60704,0.00017,0.11859,0.606,0.709,0.652,0.509,0.496,0.561,0.568
0.72116,30751,0.49460,0.58460,0.60563,0.00018,0.11911,0.605,0.708,0.651,0.508,0.495,0.560,0.566
0.72216,30641,0.49305,0.58309,0.60417,0.00018,0.11965,0.603,0.706,0.649,0.507,0.493,0.559,0.565
0.72316,30531,0.49074,0.58159,0.60273,0.00018,0.12019,0.602,0.705,0.648,0.506,0.491,0.557,0.562
0.72416,30421,0.48952,0.58007,0.60127,0.00018,0.12073,0.599,0.704,0.647,0.504,0.490,0.556,0.561
0.72515,30311,0.48675,0.57851,0.59982,0.00018,0.12128,0.598,0.703,0.645,0.503,0.487,0.555,0.558
0.72615,30201,0.48573,0.57705,0.59832,0.00018,0.12183,0.596,0.702,0.644,0.502,0.486,0.553,0.556
0.72715,30091,0.48350,0.57552,0.59688,0.00018,0.12238,0.595,0.701,0.643,0.501,0.483,0.552,0.554
0.72814,29981,0.48175,0.57401,0.59542,0.00018,0.12293,0.593,0.700,0.641,0.500,0.482,0.550,0.552
0.72914,29871,0.48032,0.57257,0.59401,0.00018,0.12345,0.591,0.699,0.640,0.499,0.480,0.549,0.550
0.73014,29761,0.47753,0.57104,0.59257,0.00018,0.12401,0.590,0.698,0.638,0.498,0.478,0.548,0.547
0.73114,29651,0.47667,0.56956,0.59112,0.00018,0.12455,0.588,0.696,0.637,0.496,0.477,0.547,0.546
0.73213,29541,0.47405,0.56798,0.58964,0.00018,0.12512,0.587,0.695,0.636,0.495,0.474,0.546,0.543
0.73313,29431,0.47272,0.56651,0.58817,0.00018,0.12567,0.585,0.694,0.634,0.494,0.473,0.544,0.542
0.73413,29321,0.47121,0.56507,0.58674,0.00018,0.12621,0.583,0.693,0.633,0.493,0.471,0.542,0.540
0.73513,29211,0.46835,0.56347,0.58527,0.00018,0.12678,0.582,0.692,0.631,0.492,0.468,0.542,0.537
0.73612,29101,0.46741,0.56200,0.58384,0.00018,0.12732,0.580,0.691,0.630,0.491,0.467,0.540,0.536
0.73712,28991,0.46526,0.56043,0.58231,0.00018,0.12791,0.578,0.689,0.628,0.490,0.465,0.538,0.533
0.73812,28881,0.46337,0.55885,0.58079,0.00018,0.12849,0.576,0.688,0.627,0.488,0.463,0.537,0.531
0.73912,28771,0.46202,0.55732,0.57933,0.00019,0.12905,0.574,0.687,0.626,0.487,0.462,0.535,0.530
0.74011,28661,0.45922,0.55575,0.57783,0.00019,0.12964,0.573,0.686,0.624,0.486,0.459,0.534,0.527
0.74111,28551,0.45813,0.55428,0.57637,0.00019,0.13019,0.571,0.685,0.623,0.485,0.458,0.532,0.526
0.74211,28441,0.45629,0.55273,0.57492,0.00019,0.13076,0.570,0.684,0.622,0.484,0.456,0.531,0.524
0.74311,28331,0.45422,0.55118,0.57342,0.00019,0.13134,0.568,0.682,0.620,0.483,0.454,0.529,0.521
0.74410,28221,0.45316,0.54967,0.57195,0.00019,0.13190,0.566,0.681,0.619,0.481,0.453,0.528,0.520
0.74510,28111,0.45093,0.54808,0.57041,0.00019,0.13251,0.565,0.680,0.617,0.480,0.451,0.526,0.517
0.74610,28001,0.44930,0.54649,0.56882,0.00019,0.13312,0.563,0.678,0.616,0.479,0.449,0.525,0.516
0.74710,27891,0.44761,0.54495,0.56734,0.00019,0.13370,0.561,0.677,0.614,0.478,0.448,0.523,0.514
0.74809,27781,0.44518,0.54332,0.56575,0.00019,0.13432,0.559,0.676,0.613,0.477,0.445,0.522,0.511
0.74909,27671,0.44392,0.54175,0.56422,0.00019,0.13492,0.557,0.675,0.611,0.475,0.444,0.520,0.510
0.75009,27561,0.44178,0.54019,0.56274,0.00019,0.13551,0.556,0.673,0.610,0.474,0.442,0.519,0.508
0.75109,27451,0.43992,0.53860,0.56116,0.00019,0.13612,0.554,0.672,0.608,0.473,0.440,0.517,0.505
0.75208,27341,0.43891,0.53712,0.55970,0.00019,0.13669,0.552,0.671,0.607,0.472,0.439,0.515,0.504
0.75308,27231,0.43666,0.53547,0.55814,0.00019,0.13732,0.550,0.669,0.606,0.470,0.437,0.514,0.502
0.75408,27121,0.43506,0.53387,0.55655,0.00019,0.13794,0.548,0.668,0.604,0.469,0.435,0.512,0.500
0.75508,27011,0.43348,0.53231,0.55499,0.00019,0.13855,0.547,0.667,0.602,0.468,0.433,0.510,0.499
0.75607,26901,0.43173,0.53072,0.55345,0.00020,0.13917,0.545,0.665,0.601,0.467,0.432,0.509,0.496
0.75707,26791,0.42967,0.52918,0.55196,0.00020,0.13977,0.543,0.664,0.599,0.466,0.430,0.507,0.494
0.75807,26681,0.42861,0.52761,0.55038,0.00020,0.14038,0.541,0.662,0.598,0.465,0.429,0.506,0.493
0.75907,26571,0.42655,0.52595,0.54877,0.00020,0.14103,0.539,0.661,0.596,0.464,0.427,0.504,0.491
0.76006,26461,0.42417,0.52432,0.54721,0.00020,0.14166,0.538,0.660,0.595,0.462,0.424,0.503,0.488
0.76106,26351,0.42301,0.52278,0.54569,0.00020,0.14227,0.536,0.658,0.593,0.461,0.423,0.501,0.487
0.76206,26241,0.42121,0.52117,0.54410,0.00020,0.14291,0.534,0.657,0.592,0.460,0.421,0.499,0.485
0.76306,26131,0.41913,0.51961,0.54257,0.00020,0.14353,0.533,0.656,0.590,0.459,0.419,0.497,0.483
0.76405,26021,0.41781,0.51803,0.54101,0.00020,0.14415,0.531,0.654,0.589,0.458,0.418,0.496,0.481
0.76505,25911,0.41630,0.51646,0.53944,0.00020,0.14478,0.529,0.653,0.587,0.457,0.416,0.494,0.480
0.76605,25801,0.41388,0.51478,0.53783,0.00020,0.14544,0.528,0.651,0.586,0.455,0.414,0.493,0.477
0.76704,25691,0.41308,0.51321,0.53628,0.00020,0.14607,0.525,0.650,0.584,0.454,0.413,0.490,0.476
0.76804,25581,0.41138,0.51160,0.53467,0.00020,0.14672,0.524,0.648,0.582,0.453,0.411,0.488,0.474
0.76904,25471,0.40912,0.50992,0.53304,0.00020,0.14739,0.522,0.647,0.581,0.452,0.409,0.487,0.472
0.77004,25361,0.40738,0.50829,0.53143,0.00020,0.14805,0.520,0.645,0.579,0.450,0.407,0.485,0.470
0.77103,25251,0.40617,0.50670,0.52992,0.00020,0.14867,0.518,0.644,0.578,0.449,0.406,0.483,0.469
0.77203,25141,0.40422,0.50511,0.52828,0.00020,0.14934,0.517,0.643,0.576,0.448,0.404,0.481,0.467
0.77303,25031,0.40204,0.50347,0.52673,0.00021,0.14999,0.515,0.641,0.575,0.447,0.402,0.480,0.464
0.77403,24921,0.40082,0.50185,0.52514,0.00021,0.15064,0.512,0.640,0.573,0.445,0.401,0.478,0.463
0.77502,24811,0.39912,0.50021,0.52352,0.00021,0.15131,0.511,0.638,0.572,0.444,0.399,0.476,0.461
0.77602,24701,0.39727,0.49861,0.52192,0.00021,0.15197,0.509,0.637,0.570,0.443,0.397,0.475,0.459
0.77702,24591,0.39542,0.49691,0.52030,0.00021,0.15266,0.507,0.636,0.569,0.442,0.395,0.473,0.457
0.77802,24481,0.39425,0.49530,0.51870,0.00021,0.15332,0.505,0.634,0.567,0.440,0.394,0.470,0.456
0.77901,24371,0.39251,0.49367,0.51705,0.00021,0.15400,0.503,0.632,0.565,0.439,0.393,0.469,0.454
0.78001,24261,0.39021,0.49200,0.51544,0.00021,0.15468,0.502,0.631,0.564,0.438,0.390,0.468,0.451
0.78101,24151,0.38856,0.49033,0.51380,0.00021,0.15537,0.500,0.630,0.562,0.436,0.389,0.466,0.450
0.78201,24041,0.38720,0.48867,0.51222,0.00021,0.15605,0.498,0.629,0.561,0.435,0.387,0.464,0.448
0.78300,23931,0.38554,0.48706,0.51058,0.00021,0.15673,0.496,0.627,0.559,0.434,0.386,0.462,0.446
0.78400,23821,0.38319,0.48543,0.50899,0.00021,0.15741,0.495,0.626,0.557,0.433,0.383,0.461,0.444
0.78500,23711,0.38176,0.48380,0.50742,0.00021,0.15808,0.493,0.625,0.556,0.431,0.382,0.459,0.442
0.78600,23601,0.38041,0.48207,0.50575,0.00021,0.15879,0.490,0.623,0.554,0.430,0.380,0.457,0.440
0.78699,23491,0.37847,0.48040,0.50407,0.00021,0.15951,0.489,0.622,0.552,0.429,0.378,0.455,0.438
0.78799,23381,0.37664,0.47867,0.50242,0.00022,0.16022,0.487,0.621,0.550,0.427,0.377,0.453,0.436
0.78899,23271,0.37487,0.47702,0.50082,0.00022,0.16091,0.485,0.620,0.549,0.426,0.375,0.451,0.434
0.78999,23161,0.37345,0.47537,0.49925,0.00022,0.16160,0.483,0.619,0.547,0.425,0.373,0.449,0.432
0.79098,23051,0.37172,0.47368,0.49757,0.00022,0.16232,0.481,0.617,0.545,0.423,0.372,0.447,0.430
0.79198,22941,0.36985,0.47195,0.49591,0.00022,0.16305,0.479,0.616,0.543,0.422,0.370,0.445,0.428
0.79298,22831,0.36793,0.47024,0.49429,0.00022,0.16376,0.477,0.615,0.542,0.421,0.368,0.444,0.426
0.79398,22721,0.36639,0.46853,0.49262,0.00022,0.16449,0.475,0.614,0.540,0.419,0.366,0.441,0.424
0.79497,22611,0.36486,0.46683,0.49096,0.00022,0.16522,0.473,0.613,0.538,0.419,0.365,0.438,0.422
0.79597,22501,0.36324,0.46511,0.48930,0.00022,0.16595,0.471,0.612,0.536,0.417,0.363,0.437,0.420
0.79697,22391,0.36141,0.46339,0.48757,0.00022,0.16671,0.469,0.610,0.534,0.416,0.361,0.435,0.418
0.79797,22281,0.35890,0.46162,0.48594,0.00022,0.16745,0.467,0.609,0.533,0.414,0.359,0.433,0.415
0.79896,22171,0.35818,0.45996,0.48426,0.00022,0.16817,0.465,0.608,0.531,0.413,0.358,0.431,0.414
0.79996,22061,0.35565,0.45821,0.48261,0.00022,0.16893,0.464,0.607,0.529,0.412,0.356,0.429,0.411
0.80096,21951,0.35459,0.45653,0.48094,0.00022,0.16966,0.461,0.606,0.527,0.410,0.355,0.427,0.410
0.80195,21841,0.35299,0.45476,0.47921,0.00022,0.17043,0.459,0.604,0.525,0.409,0.353,0.425,0.408
0.80295,21731,0.35064,0.45300,0.47749,0.00023,0.17121,0.457,0.603,0.523,0.408,0.351,0.423,0.405
0.80395,21621,0.34941,0.45132,0.47580,0.00023,0.17196,0.456,0.602,0.521,0.407,0.349,0.421,0.404
0.80495,21511,0.34803,0.44954,0.47409,0.00023,0.17273,0.453,0.601,0.519,0.405,0.348,0.419,0.402
0.80594,21401,0.34637,0.44779,0.47235,0.00023,0.17351,0.451,0.600,0.517,0.404,0.346,0.416,0.400
0.80694,21291,0.34458,0.44596,0.47061,0.00023,0.17431,0.448,0.598,0.515,0.402,0.345,0.415,0.398
0.80794,21181,0.34282,0.44425,0.46888,0.00023,0.17509,0.447,0.597,0.513,0.401,0.343,0.413,0.396
0.80894,21071,0.34102,0.44245,0.46714,0.00023,0.17588,0.445,0.596,0.511,0.400,0.341,0.411,0.394
0.80993,20961,0.33855,0.44064,0.46541,0.00023,0.17669,0.443,0.595,0.510,0.398,0.339,0.409,0.391
0.81093,20851,0.33782,0.43888,0.46363,0.00023,0.17749,0.441,0.593,0.507,0.397,0.338,0.406,0.390
0.81193,20741,0.33527,0.43708,0.46195,0.00023,0.17829,0.439,0.592,0.506,0.395,0.335,0.405,0.387
0.81293,20631,0.33425,0.43536,0.46013,0.00023,0.17910,0.437,0.591,0.503,0.394,0.334,0.402,0.386
0.81392,20521,0.33269,0.43352,0.45840,0.00023,0.17991,0.435,0.590,0.501,0.393,0.333,0.399,0.384
0.81492,20411,0.33043,0.43165,0.45661,0.00023,0.18075,0.433,0.588,0.500,0.391,0.330,0.398,0.381
0.81592,20301,0.32889,0.42983,0.45477,0.00024,0.18160,0.431,0.587,0.497,0.390,0.329,0.396,0.379
0.81692,20191,0.32750,0.42802,0.45300,0.00024,0.18242,0.428,0.585,0.495,0.389,0.327,0.393,0.378
0.81791,20081,0.32601,0.42617,0.45117,0.00024,0.18328,0.426,0.584,0.493,0.387,0.326,0.391,0.376
0.81891,19971,0.32398,0.42442,0.44944,0.00024,0.18410,0.425,0.583,0.491,0.386,0.324,0.389,0.373
0.81991,19861,0.32243,0.42264,0.44766,0.00024,0.18493,0.423,0.581,0.489,0.384,0.322,0.387,0.372
0.82091,19751,0.32012,0.42079,0.44592,0.00024,0.18577,0.421,0.580,0.487,0.383,0.320,0.385,0.369
0.82190,19641,0.31890,0.41889,0.44405,0.00024,0.18665,0.418,0.579,0.485,0.381,0.319,0.383,0.367
0.82290,19531,0.31685,0.41716,0.44230,0.00024,0.18749,0.417,0.577,0.483,0.380,0.317,0.381,0.365
0.82390,19421,0.31511,0.41532,0.44056,0.00024,0.18833,0.414,0.576,0.481,0.378,0.315,0.379,0.363
0.82490,19311,0.31395,0.41350,0.43872,0.00024,0.18920,0.412,0.575,0.479,0.377,0.314,0.377,0.361
0.82589,19201,0.31211,0.41166,0.43691,0.00024,0.19007,0.410,0.574,0.477,0.375,0.312,0.374,0.359
0.82689,19091,0.31033,0.40979,0.43509,0.00024,0.19095,0.408,0.572,0.475,0.374,0.310,0.372,0.357
0.82789,18981,0.30869,0.40793,0.43327,0.00024,0.19183,0.406,0.571,0.473,0.372,0.309,0.370,0.355
0.82889,18871,0.30635,0.40602,0.43148,0.00025,0.19273,0.404,0.570,0.471,0.371,0.306,0.368,0.352
0.82988,18761,0.30562,0.40421,0.42965,0.00025,0.19360,0.401,0.568,0.469,0.369,0.306,0.365,0.351
0.83088,18651,0.30333,0.40238,0.42785,0.00025,0.19449,0.400,0.567,0.467,0.368,0.303,0.363,0.349
0.83188,18541,0.30160,0.40048,0.42601,0.00025,0.19540,0.397,0.566,0.465,0.366,0.302,0.361,0.347
0.83288,18431,0.29991,0.39865,0.42418,0.00025,0.19630,0.395,0.564,0.463,0.365,0.300,0.359,0.345
0.83387,18321,0.29812,0.39675,0.42236,0.00025,0.19721,0.393,0.563,0.461,0.363,0.298,0.357,0.343
0.83487,18211,0.29617,0.39489,0.42056,0.00025,0.19811,0.391,0.562,0.459,0.362,0.296,0.355,0.340
0.83587,18101,0.29528,0.39296,0.41861,0.00025,0.19906,0.388,0.560,0.457,0.360,0.295,0.352,0.339
0.83687,17991,0.29343,0.39106,0.41672,0.00025,0.20000,0.386,0.558,0.455,0.358,0.293,0.350,0.337
0.83786,17881,0.29160,0.38914,0.41483,0.00025,0.20095,0.384,0.557,0.453,0.357,0.292,0.348,0.335
0.83886,17771,0.28980,0.38725,0.41292,0.00025,0.20191,0.382,0.555,0.450,0.356,0.290,0.346,0.333
0.83986,17661,0.28784,0.38541,0.41120,0.00026,0.20281,0.380,0.555,0.448,0.354,0.288,0.343,0.330
0.84085,17551,0.28612,0.38342,0.40919,0.00026,0.20382,0.377,0.553,0.446,0.352,0.286,0.341,0.328
0.84185,17441,0.28378,0.38151,0.40732,0.00026,0.20478,0.376,0.551,0.444,0.352,0.284,0.339,0.325
0.84285,17331,0.28282,0.37957,0.40524,0.00026,0.20580,0.373,0.549,0.441,0.350,0.283,0.336,0.324
0.84385,17221,0.28059,0.37751,0.40323,0.00026,0.20685,0.371,0.548,0.439,0.348,0.281,0.335,0.322
0.84484,17111,0.27849,0.37557,0.40143,0.00026,0.20780,0.368,0.547,0.437,0.346,0.278,0.333,0.319
0.84584,17001,0.27707,0.37363,0.39949,0.00026,0.20880,0.366,0.545,0.434,0.344,0.277,0.331,0.317
0.84684,16891,0.27513,0.37181,0.39765,0.00026,0.20976,0.365,0.544,0.432,0.344,0.275,0.328,0.315
0.84784,16781,0.27368,0.36984,0.39567,0.00026,0.21077,0.362,0.542,0.430,0.342,0.274,0.326,0.313
0.84883,16671,0.27153,0.36794,0.39386,0.00026,0.21174,0.360,0.541,0.428,0.340,0.272,0.325,0.311
0.84983,16561,0.26985,0.36608,0.39200,0.00026,0.21272,0.358,0.540,0.426,0.338,0.270,0.323,0.309
0.85083,16451,0.26874,0.36411,0.39008,0.00027,0.21373,0.355,0.538,0.424,0.336,0.269,0.321,0.307
0.85183,16341,0.26660,0.36229,0.38815,0.00027,0.21474,0.354,0.536,0.421,0.335,0.267,0.318,0.304
0.85282,16231,0.26454,0.36035,0.38627,0.00027,0.21575,0.352,0.535,0.419,0.333,0.265,0.317,0.302
0.85382,16121,0.26333,0.35840,0.38424,0.00027,0.21680,0.349,0.533,0.416,0.332,0.263,0.314,0.301
0.85482,16011,0.26143,0.35651,0.38233,0.00027,0.21782,0.348,0.531,0.414,0.330,0.261,0.312,0.298
0.85582,15901,0.25976,0.35449,0.38049,0.00027,0.21884,0.344,0.530,0.413,0.328,0.260,0.310,0.296
0.85681,15791,0.25851,0.35256,0.37853,0.00027,0.21989,0.342,0.529,0.410,0.326,0.259,0.308,0.295
0.85781,15681,0.25639,0.35059,0.37656,0.00027,0.22096,0.340,0.527,0.407,0.324,0.256,0.307,0.292
0.85881,15571,0.25472,0.34862,0.37454,0.00027,0.22205,0.338,0.526,0.405,0.323,0.255,0.304,0.290
0.85981,15461,0.25292,0.34662,0.37260,0.00027,0.22312,0.336,0.524,0.403,0.320,0.253,0.303,0.288
0.86080,15351,0.25180,0.34470,0.37066,0.00028,0.22417,0.333,0.522,0.401,0.318,0.252,0.300,0.286
0.86180,15241,0.24958,0.34270,0.36869,0.00028,0.22527,0.331,0.521,0.398,0.317,0.250,0.299,0.283
0.86280,15131,0.24792,0.34068,0.36670,0.00028,0.22638,0.329,0.520,0.396,0.315,0.248,0.297,0.281
0.86380,15021,0.24629,0.33868,0.36466,0.00028,0.22751,0.326,0.518,0.393,0.313,0.246,0.294,0.279
0.86479,14911,0.24519,0.33664,0.36263,0.00028,0.22862,0.323,0.516,0.391,0.311,0.245,0.292,0.278
0.86579,14801,0.24324,0.33471,0.36059,0.00028,0.22975,0.322,0.514,0.388,0.310,0.243,0.290,0.275
0.86679,14691,0.24165,0.33267,0.35855,0.00028,0.23089,0.320,0.512,0.386,0.308,0.242,0.288,0.274
0.86779,14581,0.23949,0.33076,0.35660,0.00028,0.23201,0.318,0.511,0.383,0.306,0.239,0.286,0.271
0.86878,14471,0.23824,0.32868,0.35459,0.00028,0.23315,0.315,0.509,0.381,0.304,0.238,0.284,0.269
0.86978,14361,0.23585,0.32670,0.35255,0.00028,0.23431,0.314,0.507,0.379,0.302,0.236,0.282,0.267
0.87078,14251,0.23479,0.32478,0.35059,0.00029,0.23542,0.311,0.506,0.376,0.301,0.235,0.280,0.265
0.87178,14141,0.23318,0.32281,0.34857,0.00029,0.23657,0.309,0.504,0.374,0.299,0.233,0.278,0.263
0.87277,14031,0.23167,0.32082,0.34651,0.00029,0.23775,0.307,0.502,0.371,0.297,0.232,0.276,0.261
0.87377,13921,0.22994,0.31878,0.34451,0.00029,0.23892,0.304,0.500,0.369,0.295,0.230,0.274,0.259
0.87477,13811,0.22814,0.31681,0.34250,0.00029,0.24009,0.303,0.499,0.366,0.293,0.228,0.272,0.257
0.87577,13701,0.22657,0.31480,0.34050,0.00029,0.24127,0.300,0.497,0.364,0.291,0.227,0.270,0.255
0.87676,13591,0.22503,0.31266,0.33838,0.00029,0.24252,0.297,0.495,0.361,0.289,0.225,0.268,0.252
0.87776,13481,0.22297,0.31061,0.33626,0.00029,0.24376,0.295,0.493,0.359,0.287,0.223,0.266,0.250
0.87876,13371,0.22102,0.30864,0.33426,0.00029,0.24496,0.294,0.492,0.356,0.286,0.221,0.265,0.248
0.87975,13261,0.22022,0.30653,0.33211,0.00030,0.24621,0.290,0.490,0.354,0.283,0.220,0.262,0.246
0.88075,13151,0.21817,0.30450,0.32999,0.00030,0.24747,0.289,0.487,0.351,0.282,0.218,0.260,0.244
0.88175,13041,0.21662,0.30237,0.32789,0.00030,0.24875,0.286,0.486,0.348,0.279,0.217,0.258,0.242
0.88275,12931,0.21505,0.30038,0.32575,0.00030,0.25001,0.285,0.484,0.346,0.278,0.215,0.255,0.240
0.88374,12821,0.21330,0.29836,0.32365,0.00030,0.25128,0.283,0.482,0.343,0.277,0.213,0.254,0.238
0.88474,12711,0.21150,0.29631,0.32157,0.00030,0.25256,0.280,0.480,0.340,0.275,0.212,0.252,0.236
0.88574,12601,0.20917,0.29415,0.31948,0.00030,0.25388,0.278,0.478,0.338,0.272,0.209,0.250,0.233
0.88674,12491,0.20850,0.29218,0.31733,0.00030,0.25515,0.276,0.476,0.335,0.271,0.209,0.247,0.232
0.88773,12381,0.20613,0.29005,0.31524,0.00030,0.25649,0.273,0.474,0.333,0.269,0.206,0.246,0.229
0.88873,12271,0.20482,0.28797,0.31310,0.00031,0.25781,0.271,0.472,0.330,0.267,0.205,0.244,0.228
0.88973,12161,0.20305,0.28584,0.31090,0.00031,0.25917,0.269,0.470,0.327,0.265,0.203,0.242,0.225
0.89073,12051,0.20132,0.28374,0.30865,0.00031,0.26057,0.267,0.468,0.324,0.264,0.201,0.239,0.223
0.89172,11941,0.19949,0.28166,0.30656,0.00031,0.26191,0.265,0.466,0.322,0.261,0.199,0.238,0.221
0.89272,11831,0.19813,0.27958,0.30430,0.00031,0.26330,0.263,0.463,0.318,0.260,0.198,0.235,0.219
0.89372,11721,0.19648,0.27752,0.30229,0.00031,0.26462,0.260,0.462,0.316,0.258,0.196,0.233,0.217
0.89472,11611,0.19474,0.27544,0.30013,0.00031,0.26600,0.258,0.459,0.314,0.256,0.195,0.231,0.215
0.89571,11501,0.19348,0.27336,0.29789,0.00031,0.26741,0.256,0.457,0.310,0.254,0.193,0.229,0.213
0.89671,11391,0.19170,0.27123,0.29583,0.00032,0.26878,0.253,0.455,0.308,0.251,0.192,0.227,0.211
0.89771,11281,0.18968,0.26927,0.29376,0.00032,0.27014,0.252,0.453,0.306,0.250,0.190,0.225,0.209
0.89871,11171,0.18837,0.26718,0.29162,0.00032,0.27155,0.249,0.452,0.303,0.248,0.188,0.224,0.207
0.89970,11061,0.18729,0.26496,0.28929,0.00032,0.27305,0.246,0.449,0.300,0.245,0.187,0.221,0.206
0.90070,10951,0.18498,0.26284,0.28717,0.00032,0.27449,0.244,0.447,0.298,0.243,0.185,0.220,0.203
0.90170,10841,0.18363,0.26071,0.28488,0.00032,0.27598,0.242,0.444,0.295,0.241,0.184,0.217,0.201
0.90270,10731,0.18159,0.25860,0.28266,0.00032,0.27747,0.241,0.442,0.292,0.240,0.182,0.216,0.199
0.90369,10621,0.17969,0.25645,0.28049,0.00032,0.27896,0.238,0.440,0.289,0.238,0.180,0.213,0.197
0.90469,10511,0.17840,0.25427,0.27815,0.00033,0.28051,0.236,0.437,0.286,0.235,0.178,0.212,0.195
0.90569,10401,0.17685,0.25206,0.27596,0.00033,0.28202,0.233,0.435,0.284,0.233,0.177,0.210,0.193
0.90669,10291,0.17452,0.24996,0.27371,0.00033,0.28357,0.232,0.432,0.281,0.232,0.175,0.207,0.190
0.90768,10181,0.17343,0.24763,0.27130,0.00033,0.28520,0.229,0.430,0.279,0.228,0.173,0.206,0.189
0.90868,10071,0.17151,0.24554,0.26906,0.00033,0.28675,0.227,0.427,0.276,0.227,0.172,0.203,0.187
0.90968,9961,0.16984,0.24331,0.26677,0.00033,0.28836,0.225,0.425,0.273,0.225,0.170,0.201,0.185
0.91068,9851,0.16777,0.24108,0.26449,0.00033,0.28998,0.223,0.422,0.271,0.222,0.168,0.200,0.183
0.91167,9741,0.16635,0.23881,0.26214,0.00034,0.29164,0.220,0.420,0.268,0.220,0.166,0.197,0.181
0.91267,9631,0.16520,0.23664,0.25978,0.00034,0.29326,0.217,0.417,0.265,0.217,0.165,0.195,0.180
0.91367,9521,0.16365,0.23445,0.25753,0.00034,0.29488,0.215,0.414,0.262,0.215,0.164,0.193,0.177
0.91466,9411,0.16163,0.23217,0.25516,0.00034,0.29660,0.213,0.411,0.260,0.213,0.162,0.191,0.175
0.91566,9301,0.15979,0.22991,0.25276,0.00034,0.29833,0.211,0.408,0.257,0.211,0.160,0.189,0.173
0.91666,9191,0.15799,0.22756,0.25040,0.00034,0.30006,0.208,0.406,0.255,0.208,0.158,0.187,0.171
0.91766,9081,0.15630,0.22527,0.24810,0.00034,0.30178,0.205,0.403,0.253,0.206,0.156,0.185,0.169
0.91865,8971,0.15457,0.22298,0.24564,0.00035,0.30356,0.203,0.400,0.250,0.204,0.155,0.182,0.167
0.91965,8861,0.15289,0.22065,0.24326,0.00035,0.30535,0.200,0.397,0.248,0.201,0.153,0.180,0.166
0.92065,8751,0.15122,0.21830,0.24077,0.00035,0.30718,0.198,0.393,0.246,0.198,0.151,0.178,0.164
0.92165,8641,0.14900,0.21592,0.23830,0.00035,0.30905,0.196,0.390,0.243,0.196,0.149,0.176,0.161
0.92264,8531,0.14702,0.21364,0.23589,0.00035,0.31089,0.194,0.387,0.241,0.195,0.147,0.173,0.159
0.92364,8421,0.14579,0.21123,0.23346,0.00035,0.31276,0.191,0.384,0.239,0.191,0.146,0.171,0.157
0.92464,8311,0.14379,0.20889,0.23102,0.00036,0.31465,0.188,0.381,0.236,0.189,0.144,0.170,0.155
0.92564,8201,0.14200,0.20656,0.22850,0.00036,0.31657,0.186,0.377,0.234,0.187,0.142,0.167,0.153
0.92663,8091,0.14028,0.20420,0.22595,0.00036,0.31854,0.184,0.373,0.231,0.185,0.140,0.165,0.151
0.92763,7981,0.13812,0.20183,0.22346,0.00036,0.32052,0.182,0.370,0.229,0.182,0.138,0.163,0.149
0.92863,7871,0.13619,0.19943,0.22097,0.00036,0.32251,0.179,0.367,0.226,0.180,0.136,0.161,0.147
0.92963,7761,0.13463,0.19701,0.21826,0.00037,0.32460,0.178,0.362,0.223,0.178,0.135,0.158,0.145
0.93062,7651,0.13269,0.19454,0.21569,0.00037,0.32669,0.175,0.359,0.221,0.176,0.133,0.156,0.143
0.93162,7541,0.13080,0.19216,0.21310,0.00037,0.32878,0.173,0.355,0.218,0.174,0.131,0.154,0.140
0.93262,7431,0.12892,0.18961,0.21034,0.00037,0.33101,0.171,0.351,0.215,0.172,0.129,0.152,0.138
0.93362,7321,0.12722,0.18709,0.20752,0.00037,0.33326,0.169,0.346,0.212,0.169,0.127,0.150,0.137
0.93461,7211,0.12507,0.18457,0.20490,0.00037,0.33548,0.166,0.342,0.210,0.167,0.125,0.148,0.134
0.93561,7101,0.12405,0.18200,0.20209,0.00038,0.33777,0.163,0.338,0.207,0.164,0.124,0.145,0.133
0.93661,6991,0.12186,0.17947,0.19940,0.00038,0.34007,0.161,0.334,0.204,0.162,0.122,0.143,0.130
0.93761,6881,0.11986,0.17690,0.19657,0.00038,0.34245,0.159,0.330,0.201,0.160,0.120,0.141,0.128
0.93860,6771,0.11822,0.17434,0.19371,0.00038,0.34486,0.157,0.325,0.198,0.158,0.118,0.138,0.127
0.93960,6661,0.11655,0.17181,0.19106,0.00039,0.34720,0.153,0.321,0.196,0.154,0.117,0.137,0.125
0.94060,6551,0.11486,0.16925,0.18822,0.00039,0.34965,0.151,0.316,0.193,0.152,0.115,0.134,0.123
0.94160,6441,0.11258,0.16667,0.18535,0.00039,0.35217,0.150,0.312,0.190,0.151,0.113,0.132,0.120
0.94259,6331,0.11127,0.16408,0.18260,0.00039,0.35464,0.146,0.308,0.187,0.147,0.111,0.130,0.119
0.94359,6221,0.10905,0.16153,0.17987,0.00039,0.35717,0.144,0.304,0.184,0.145,0.109,0.128,0.117
0.94459,6111,0.10764,0.15892,0.17695,0.00040,0.35978,0.142,0.299,0.181,0.143,0.108,0.126,0.115
0.94559,6001,0.10587,0.15629,0.17414,0.00040,0.36241,0.139,0.295,0.179,0.140,0.106,0.124,0.113
0.94658,5891,0.10356,0.15377,0.17137,0.00040,0.36502,0.137,0.290,0.176,0.138,0.104,0.121,0.111
0.94758,5781,0.10141,0.15113,0.16843,0.00040,0.36779,0.135,0.285,0.173,0.136,0.101,0.119,0.108
0.94858,5671,0.10005,0.14852,0.16551,0.00041,0.37053,0.132,0.281,0.169,0.133,0.100,0.117,0.107
0.94958,5561,0.09827,0.14589,0.16263,0.00041,0.37332,0.130,0.276,0.167,0.131,0.098,0.115,0.105
0.95057,5451,0.09672,0.14324,0.15961,0.00041,0.37622,0.128,0.271,0.163,0.129,0.097,0.112,0.103
0.95157,5341,0.09502,0.14063,0.15670,0.00041,0.37910,0.126,0.266,0.160,0.127,0.095,0.110,0.101
0.95257,5231,0.09312,0.13803,0.15387,0.00042,0.38198,0.123,0.262,0.157,0.124,0.093,0.108,0.099
0.95356,5121,0.09127,0.13542,0.15106,0.00042,0.38490,0.120,0.257,0.154,0.121,0.091,0.106,0.097
0.95456,5011,0.08939,0.13283,0.14830,0.00042,0.38783,0.117,0.254,0.151,0.118,0.089,0.105,0.095
0.95556,4901,0.08758,0.13025,0.14542,0.00042,0.39086,0.115,0.249,0.148,0.116,0.088,0.103,0.093
0.95656,4791,0.08590,0.12766,0.14260,0.00043,0.39390,0.113,0.245,0.145,0.113,0.086,0.101,0.091
0.95755,4681,0.08365,0.12510,0.13976,0.00043,0.39701,0.111,0.240,0.142,0.111,0.084,0.099,0.089
0.95855,4571,0.08148,0.12249,0.13701,0.00043,0.40015,0.108,0.236,0.139,0.109,0.081,0.097,0.086
0.95955,4461,0.08013,0.11987,0.13407,0.00043,0.40340,0.105,0.232,0.136,0.106,0.080,0.095,0.085
0.96055,4351,0.07780,0.11723,0.13128,0.00044,0.40669,0.103,0.228,0.133,0.103,0.078,0.093,0.083
0.96154,4241,0.07607,0.11456,0.12833,0.00044,0.41010,0.100,0.223,0.130,0.101,0.076,0.091,0.081
0.96254,4131,0.07391,0.11190,0.12541,0.00044,0.41358,0.098,0.218,0.127,0.098,0.074,0.089,0.078
0.96354,4021,0.07195,0.10923,0.12258,0.00045,0.41707,0.095,0.214,0.124,0.095,0.072,0.087,0.076
0.96454,3911,0.07040,0.10655,0.11951,0.00045,0.42073,0.093,0.209,0.121,0.093,0.070,0.085,0.074
0.96553,3801,0.06834,0.10384,0.11667,0.00045,0.42438,0.090,0.205,0.118,0.090,0.068,0.083,0.072
0.96653,3691,0.06636,0.10116,0.11363,0.00046,0.42820,0.088,0.200,0.115,0.088,0.066,0.081,0.070
0.96753,3581,0.06466,0.09843,0.11064,0.00046,0.43209,0.085,0.195,0.112,0.085,0.065,0.079,0.068
0.96853,3471,0.06253,0.09572,0.10765,0.00046,0.43607,0.083,0.190,0.108,0.083,0.063,0.077,0.066
0.96952,3361,0.06057,0.09299,0.10473,0.00047,0.44009,0.080,0.186,0.106,0.080,0.061,0.075,0.064
0.97052,3251,0.05877,0.09022,0.10158,0.00047,0.44436,0.078,0.181,0.102,0.078,0.059,0.072,0.062
0.97152,3141,0.05720,0.08746,0.09855,0.00048,0.44863,0.075,0.176,0.099,0.075,0.057,0.070,0.060
0.97252,3031,0.05506,0.08468,0.09546,0.00048,0.45311,0.073,0.171,0.096,0.072,0.055,0.068,0.058
0.97351,2921,0.05336,0.08187,0.09233,0.00048,0.45769,0.070,0.165,0.092,0.070,0.053,0.066,0.056
0.97451,2811,0.05115,0.07915,0.08943,0.00049,0.46224,0.068,0.161,0.090,0.067,0.051,0.064,0.054
0.97551,2701,0.04944,0.07633,0.08620,0.00049,0.46714,0.065,0.155,0.086,0.064,0.049,0.062,0.052
0.97651,2591,0.04739,0.07353,0.08309,0.00050,0.47213,0.063,0.150,0.083,0.062,0.047,0.059,0.050
0.97750,2481,0.04539,0.07071,0.07996,0.00050,0.47729,0.061,0.145,0.080,0.059,0.045,0.057,0.048
0.97850,2371,0.04346,0.06789,0.07680,0.00051,0.48260,0.058,0.140,0.076,0.057,0.043,0.055,0.046
0.97950,2261,0.04184,0.06502,0.07354,0.00051,0.48820,0.056,0.134,0.073,0.054,0.042,0.052,0.044
0.98050,2151,0.03971,0.06218,0.07044,0.00052,0.49389,0.053,0.129,0.070,0.052,0.040,0.050,0.042
0.98149,2041,0.03800,0.05932,0.06727,0.00052,0.49980,0.051,0.124,0.066,0.049,0.038,0.048,0.040
0.98249,1931,0.03595,0.05642,0.06404,0.00053,0.50606,0.048,0.118,0.063,0.046,0.036,0.046,0.038
0.98349,1821,0.03394,0.05351,0.06075,0.00053,0.51261,0.046,0.113,0.060,0.044,0.034,0.043,0.036
0.98449,1711,0.03214,0.05060,0.05749,0.00054,0.51939,0.043,0.107,0.056,0.041,0.032,0.041,0.034
0.98548,1601,0.03009,0.04763,0.05416,0.00055,0.52665,0.041,0.101,0.053,0.038,0.030,0.038,0.032
0.98648,1491,0.02814,0.04456,0.05069,0.00055,0.53449,0.038,0.095,0.049,0.036,0.028,0.036,0.030
0.98748,1381,0.02602,0.04150,0.04726,0.00056,0.54274,0.035,0.089,0.046,0.033,0.026,0.033,0.028
0.98848,1271,0.02417,0.03841,0.04376,0.00057,0.55154,0.033,0.083,0.042,0.031,0.024,0.031,0.026
0.98947,1161,0.02210,0.03527,0.04020,0.00058,0.56104,0.030,0.076,0.039,0.028,0.022,0.028,0.023
0.99047,1051,0.02016,0.03213,0.03663,0.00059,0.57123,0.027,0.070,0.035,0.026,0.020,0.026,0.021
0.99147,941,0.01814,0.02895,0.03305,0.00060,0.58228,0.024,0.063,0.031,0.023,0.018,0.023,0.019
0.99246,831,0.01618,0.02572,0.02938,0.00061,0.59447,0.022,0.057,0.028,0.020,0.016,0.020,0.017
0.99346,721,0.01413,0.02247,0.02568,0.00062,0.60800,0.019,0.050,0.024,0.018,0.014,0.018,0.015
0.99446,611,0.01200,0.01918,0.02195,0.00064,0.62324,0.016,0.043,0.021,0.015,0.012,0.015,0.013
0.99546,501,0.00985,0.01581,0.01808,0.00065,0.64106,0.013,0.035,0.017,0.013,0.010,0.012,0.011
0.99645,391,0.00778,0.01241,0.01419,0.00067,0.66217,0.010,0.028,0.013,0.010,0.008,0.010,0.008
0.99745,281,0.00561,0.00896,0.01025,0.00070,0.68855,0.007,0.020,0.010,0.007,0.006,0.007,0.006
0.99845,171,0.00343,0.00548,0.00626,0.00073,0.72466,0.005,0.012,0.006,0.004,0.003,0.004,0.004
0.99945,61,0.00118,0.00196,0.00225,0.00079,0.78697,0.002,0.004,0.002,0.002,0.001,0.002,0.001
1.00000,0,0.00000,0.00000,0.00000,0.00100,0.99993,0.000,0.000,0.000,0.000,0.000,0.000,0.000
